index,Type 1 Departments - Major A&E,Type 2 Departments - Single Specialty,Type 3 Departments - Other A&E/Minor Injury Unit,Total Attendances,Type 1 Departments - Major A&E > 4 hours,Type 2 Departments - Single Specialty > 4 hours,Type 3 Departments - Other A&E/Minor Injury Unit > 4 hours,Total Attendances > 4 hours,Emergency Admissions via Type 1 A&E,Total Emergency Admissions via A&E,Other Emergency Admissions (i.e not via A&E),Number of patients spending >4 hours from decision to admit to admission,y
2010-11-07,267.142,12.806,111.547,391.495,11.827,0.04,0.085,11.952,73.589,76.233,28.181,1.847,104.414
2010-11-14,256.893,13.135,115.657,385.685,10.223,0.029,0.131,10.383,67.526,69.429,28.558,1.601,97.987
2010-11-21,260.958,12.751,115.034,388.743,9.79,0.033,0.094,9.917,68.99,70.982,28.794,1.43,99.776
2010-11-28,256.061,12.126,113.086,381.273,10.087,0.036,0.096,10.219,68.181,70.125,29.095,1.703,99.22
2010-12-05,245.842,10.183,107.385,363.41,13.69,0.019,0.17,13.879,68.411,70.256,26.701,2.093,96.957
2010-12-12,273.068,11.417,126.645,411.13,21.933,0.065,0.34,22.338,72.101,74.035,29.144,3.362,103.179
2010-12-19,266.059,11.422,125.328,402.809,21.771,0.02,0.271,22.062,71.731,74.095,29.626,3.409,103.721
2010-12-26,244.799,9.216,107.855,361.87,15.532,0.012,0.239,15.783,70.709,72.905,28.283,2.475,101.188
2011-01-02,279.547,8.691,135.057,423.295,27.245,0.042,0.462,27.749,77.275,79.604,25.936,4.308,105.54
2011-01-09,260.138,10.527,129.617,400.282,26.019,0.033,0.279,26.331,72.824,74.932,26.839,5.185,101.771
2011-01-16,253.937,12.089,120.267,386.293,16.479,0.03,0.14,16.649,69.683,71.569,28.805,3.035,100.374
2011-01-23,250.833,12.19,117.218,380.241,10.55,0.058,0.101,10.709,66.374,68.808,28.046,1.79,96.854
2011-01-30,251.079,12.502,118.574,382.155,9.49,0.029,0.072,9.591,67.406,69.309,29.059,1.644,98.368
2011-02-06,266.161,12.556,126.473,405.19,11.622,0.016,0.129,11.767,70.016,71.396,29.981,1.94,101.377
2011-02-13,274.118,13.05,127.763,414.931,13.213,0.022,0.161,13.396,70.773,71.836,30.977,2.334,102.813
2011-02-20,261.795,12.818,123.429,398.042,11.975,0.022,0.107,12.104,68.867,69.89,30.277,2.165,100.167
2011-02-27,252.456,12.778,116.974,382.208,9.72,0.035,0.124,9.879,67.268,68.311,28.942,1.49,97.253
2011-03-06,260.401,12.887,124.853,398.141,10.169,0.022,0.154,10.345,68.069,69.241,29.311,1.544,98.552
2011-03-13,275.567,13.011,128.21,416.788,13.33,0.053,0.198,13.581,69.763,71.138,29.65,1.916,100.788
2011-03-20,278.671,13.204,133.128,425.003,13.669,0.098,0.178,13.945,69.927,71.945,30.405,2.017,102.35
2011-03-27,284.182,13.116,133.214,430.512,13.474,0.014,0.179,13.667,69.877,70.815,29.856,2.048,100.671
2011-04-03,286.302,13.166,137.812,437.28,15.65,0.038,0.259,15.947,70.837,72.15,30.336,2.271,102.486
2011-04-10,283.175,12.906,136.985,433.066,15.347,0.034,0.172,15.553,69.864,70.972,29.5,2.251,100.472
2011-04-17,268.128,12.458,133.831,414.417,12.722,0.014,0.211,12.947,68.673,70.111,28.087,1.698,98.198
2011-04-24,279.872,13.429,137.622,430.923,12.058,0.048,0.12,12.226,68.947,70.305,26.442,1.506,96.747
2011-05-01,283.893,11.208,146.556,441.657,11.038,0.166,0.252,11.456,67.36,69.156,24.065,1.286,93.221
2011-05-08,280.121,12.336,138.904,431.361,13.665,0.212,0.21,14.087,67.728,68.984,26.367,1.929,95.351
2011-05-15,276.368,13.16,130.92,420.448,12.084,0.094,0.179,12.357,67.051,68.308,27.975,1.588,96.283
2011-05-22,275.401,13.264,132.185,420.85,11.502,0.041,0.154,11.697,68.229,69.53,28.406,1.44,97.936
2011-05-29,271.297,13.371,133.702,418.37,11.168,0.043,0.146,11.357,67.895,69.24,28.243,1.683,97.483
2011-06-05,272.805,11.672,134.026,418.503,12.64,0.036,0.172,12.848,68.023,69.255,24.917,1.697,94.172
2011-06-12,267.281,13.257,129.856,410.394,11.629,0.084,0.131,11.844,66.682,67.984,28.245,1.729,96.229
2011-06-19,270.572,13.036,129.801,413.409,11.703,0.028,0.129,11.86,67.606,68.868,28.181,1.706,97.049
2011-06-26,273.469,12.831,128.843,415.143,11.549,0.03,0.181,11.76,68.13,69.382,27.654,1.509,97.036
2011-07-03,283.999,12.737,136.46,433.196,12.151,0.038,0.167,12.356,68.666,69.958,27.589,1.581,97.547
2011-07-10,279.033,12.852,137.576,429.461,10.982,0.075,0.3,11.357,67.653,69.016,27.783,1.563,96.799
2011-07-17,274.093,12.918,136.212,423.223,9.026,0.023,0.212,9.261,68.432,69.994,27.491,1.216,97.485
2011-07-24,267.032,12.576,131.702,411.31,8.766,0.064,0.117,8.947,66.671,68.115,26.964,0.996,95.079
2011-07-31,269.194,12.399,133.717,415.31,9.85,0.03,0.145,10.025,66.893,68.058,26.571,1.192,94.629
2011-08-07,267.399,11.654,134.268,413.321,12.318,0.043,0.142,12.503,66.58,67.849,26.403,1.44,94.252
2011-08-14,253.458,11.562,127.405,392.425,9.699,0.008,0.073,9.78,65.543,67.114,25.884,1.064,92.998
2011-08-21,253.074,12.032,126.802,391.908,9.021,0.022,0.085,9.128,64.679,66.182,25.974,0.932,92.156
2011-08-28,250.09,11.928,126.136,388.154,8.611,0.027,0.177,8.815,64.777,65.987,25.989,0.926,91.976
2011-09-04,260.821,11.0,130.213,402.034,11.167,0.037,0.114,11.318,66.044,67.248,24.154,1.466,91.402
2011-09-11,260.414,12.191,126.786,399.391,11.899,0.059,0.196,12.154,66.046,67.741,26.442,1.87,94.183
2011-09-18,270.874,12.614,131.707,415.195,12.268,0.032,0.168,12.468,67.948,69.444,26.559,1.703,96.003
2011-09-25,275.735,12.66,132.973,421.368,12.137,0.039,0.167,12.343,68.961,70.306,27.167,1.579,97.473
2011-10-02,288.511,12.01,141.211,441.732,16.502,0.04,0.202,16.744,70.498,71.927,27.294,2.058,99.221
2011-10-09,281.814,12.549,140.941,435.304,15.282,0.054,0.171,15.507,69.551,71.231,28.026,2.328,99.257
2011-10-16,275.382,12.572,136.922,424.876,13.714,0.048,0.243,14.005,69.389,70.706,28.04,2.126,98.746
2011-10-23,263.261,12.271,131.207,406.739,11.51,0.054,0.138,11.702,67.768,69.029,27.815,1.605,96.844
2011-10-30,259.704,11.846,126.003,397.553,14.048,0.034,0.124,14.206,69.199,70.495,27.303,2.049,97.798
2011-11-06,266.806,12.445,128.368,407.619,15.487,0.033,0.221,15.741,69.32,71.395,27.209,2.675,98.604
2011-11-13,262.969,12.254,129.421,404.644,12.402,0.051,0.142,12.595,68.583,70.176,27.707,1.859,97.883
2011-11-20,264.091,11.984,129.972,406.047,11.903,0.015,0.178,12.096,69.125,70.741,28.35,1.693,99.091
2011-11-27,267.207,11.928,130.934,410.069,14.297,0.024,0.232,14.553,69.748,71.505,29.118,2.147,100.623
2011-12-04,261.337,11.525,126.822,399.684,14.721,0.049,0.153,14.923,69.656,71.331,28.471,2.214,99.802
2011-12-11,262.788,11.449,124.693,398.93,17.397,0.029,0.167,17.593,69.819,71.414,27.55,2.799,98.964
2011-12-18,261.516,11.4,122.296,395.212,20.689,0.011,0.256,20.956,71.193,72.827,28.099,3.129,100.926
2011-12-25,241.551,10.577,113.075,365.203,11.872,0.029,0.13,12.031,68.543,70.074,27.569,1.909,97.643
2012-01-01,264.152,9.274,128.269,401.695,15.716,0.02,0.276,16.012,75.081,76.932,24.676,2.151,101.608
2012-01-08,257.709,10.901,127.093,395.703,20.972,0.011,0.136,21.119,71.062,72.797,25.802,4.305,98.599
2012-01-15,250.227,11.845,119.959,382.031,15.477,0.014,0.106,15.597,67.723,69.297,27.314,3.081,96.611
2012-01-22,254.178,12.045,121.777,388.0,14.029,0.015,0.118,14.162,68.668,70.296,28.032,2.785,98.328
2012-01-29,265.663,12.073,126.773,404.509,16.441,0.014,0.157,16.612,69.986,71.868,28.402,2.938,100.27
2012-02-05,253.409,11.964,119.242,384.615,13.722,0.009,0.161,13.892,68.201,69.999,27.565,2.556,97.564
2012-02-12,264.1,11.489,125.075,400.664,18.211,0.014,0.308,18.533,70.703,72.56,27.738,3.573,100.298
2012-02-19,270.624,12.377,129.533,412.534,24.468,0.031,0.239,24.738,73.113,74.768,28.136,4.564,102.904
2012-02-26,283.709,13.076,135.211,431.996,23.675,0.037,0.306,24.018,73.312,74.999,28.803,4.198,103.802
2012-03-04,282.295,13.225,134.543,430.063,18.84,0.043,0.286,19.169,71.712,73.667,28.673,3.588,102.34
2012-03-11,280.48,13.237,135.872,429.589,14.45,0.058,0.16,14.668,71.855,73.55,29.016,2.449,102.566
2012-03-18,282.198,13.187,135.662,431.047,13.224,0.045,0.243,13.512,71.288,72.97,28.635,1.825,101.605
2012-03-25,289.792,13.5,141.032,444.324,15.454,0.097,0.27,15.821,72.277,73.574,28.675,2.161,102.249
2012-04-01,290.851,12.942,142.39,446.183,13.786,0.036,0.169,13.991,73.295,74.521,29.891,1.999,104.412
2012-04-08,270.552,11.231,137.463,419.246,13.081,0.046,0.255,13.382,71.249,72.35,26.814,1.857,99.164
2012-04-15,269.266,11.496,136.336,417.098,19.022,0.043,0.234,19.299,71.07,72.427,25.697,3.152,98.124
2012-04-22,266.261,12.782,129.539,408.582,14.969,0.026,0.181,15.176,70.01,71.174,27.896,2.487,99.07
2012-04-29,263.122,12.466,125.627,401.215,12.688,0.053,0.201,12.942,69.648,70.795,27.718,2.112,98.513
2012-05-06,272.178,13.058,132.257,417.493,12.173,0.037,0.133,12.343,71.059,72.194,28.199,1.667,100.393
2012-05-13,280.641,12.105,140.722,433.468,13.903,0.037,0.179,14.119,71.483,72.57,26.059,2.007,98.629
2012-05-20,276.373,13.113,138.4,427.886,12.546,0.036,0.175,12.757,70.296,71.534,27.931,2.01,99.465
2012-05-27,291.878,12.509,142.096,446.483,15.153,0.012,0.352,15.517,72.059,73.191,27.983,2.213,101.174
2012-06-03,296.147,13.12,152.527,461.794,14.646,0.037,0.276,14.959,72.197,73.425,29.052,1.788,102.477
2012-06-10,282.338,11.11,147.492,440.94,13.132,0.043,0.2,13.375,71.019,72.168,23.693,1.862,95.861
2012-06-17,275.902,12.882,135.739,424.523,14.561,0.051,0.133,14.745,70.895,72.01,27.312,2.121,99.322
2012-06-24,283.851,13.159,140.382,437.392,13.298,0.027,0.205,13.53,70.583,71.718,26.92,1.974,98.638
2012-07-01,295.252,13.047,143.288,451.587,15.311,0.063,0.234,15.608,72.994,74.249,28.728,1.967,102.977
2012-07-08,284.468,12.772,139.935,437.175,13.804,0.094,0.25,14.148,72.111,73.288,28.703,1.863,101.991
2012-07-15,282.532,12.722,138.309,433.563,12.12,0.047,0.199,12.366,72.048,73.228,28.23,1.572,101.458
2012-07-22,279.634,12.507,138.934,431.075,11.596,0.04,0.217,11.853,71.502,72.692,28.036,1.527,100.728
2012-07-29,283.929,12.017,144.429,440.375,12.398,0.018,0.17,12.586,70.442,71.536,27.067,1.619,98.603
2012-08-05,266.74,12.285,133.355,412.38,11.228,0.031,0.119,11.378,68.643,69.747,26.377,1.41,96.124
2012-08-12,268.09,11.893,132.793,412.776,11.231,0.016,0.153,11.4,68.221,69.331,26.213,1.598,95.544
2012-08-19,276.793,12.053,135.574,424.42,14.921,0.031,0.181,15.133,70.544,71.639,26.405,1.864,98.044
2012-08-26,271.968,12.231,136.813,421.012,12.374,0.024,0.206,12.604,69.416,70.506,26.22,1.603,96.726
2012-09-02,266.006,11.134,132.188,409.328,10.07,0.026,0.184,10.28,68.011,69.139,23.539,1.478,92.678
2012-09-09,273.52,12.122,130.502,416.144,12.647,0.022,0.145,12.814,69.413,70.523,25.648,1.7,96.171
2012-09-16,278.694,12.159,132.507,423.36,14.06,0.017,0.195,14.272,70.866,71.892,26.91,2.211,98.802
2012-09-23,273.897,12.165,130.541,416.603,12.776,0.045,0.194,13.015,71.121,72.262,27.077,1.945,99.339
2012-09-30,276.248,11.899,127.286,415.433,15.914,0.033,0.125,16.072,72.585,73.811,27.176,2.744,100.987
2012-10-07,278.923,12.031,130.783,421.737,16.39,0.058,0.17,16.618,72.095,73.235,27.797,2.769,101.032
2012-10-14,276.317,12.041,130.199,418.557,14.618,0.048,0.156,14.822,71.539,72.634,28.027,2.491,100.661
2012-10-21,278.68,12.271,129.086,420.037,17.27,0.037,0.149,17.456,72.616,73.759,28.484,2.629,102.243
2012-10-28,269.012,11.908,123.1,404.02,13.645,0.033,0.159,13.837,71.225,72.438,27.351,2.244,99.789
2012-11-04,260.17,12.068,119.653,391.891,14.121,0.041,0.154,14.316,71.036,72.204,27.144,2.23,99.348
2012-11-11,273.634,12.228,124.958,410.82,16.129,0.032,0.122,16.283,72.378,73.546,27.839,2.834,101.385
2012-11-18,277.766,12.239,127.276,417.281,16.434,0.049,0.146,16.629,72.196,73.37,28.215,2.71,101.585
2012-11-25,275.413,11.961,127.061,414.435,16.312,0.073,0.221,16.606,72.777,73.967,28.958,2.657,102.925
2012-12-02,269.397,11.873,123.514,404.784,16.996,0.056,0.19,17.242,72.097,73.287,28.415,2.92,101.702
2012-12-09,272.796,11.202,125.892,409.89,20.844,0.04,0.216,21.1,72.967,73.765,28.373,3.802,102.138
2012-12-16,275.421,11.379,127.9,414.7,24.765,0.026,0.284,25.075,74.094,74.895,27.884,4.209,102.779
2012-12-23,275.155,11.738,137.388,424.281,23.667,0.039,0.295,24.001,74.209,75.06,28.676,3.981,103.736
2012-12-30,263.037,8.375,127.602,399.014,17.729,0.013,0.242,17.984,74.35,75.153,23.94,2.84,99.093
2013-01-06,270.905,10.27,131.041,412.216,28.426,0.028,0.248,28.702,74.271,75.102,25.537,5.872,100.639
2013-01-13,255.06,11.953,122.223,389.236,20.42,0.028,0.18,20.628,70.458,71.177,26.915,4.584,98.092
2013-01-20,242.443,10.466,107.83,360.739,15.102,0.026,0.151,15.279,68.594,69.31,25.98,3.047,95.29
2013-01-27,260.047,11.228,116.761,388.036,19.817,0.02,0.194,20.031,71.424,72.199,26.839,4.24,99.038
2013-02-03,280.145,12.37,130.599,423.114,24.207,0.06,0.271,24.538,73.559,74.356,28.068,4.909,102.424
2013-02-10,272.377,12.471,130.191,415.039,21.375,0.056,0.251,21.682,71.818,72.685,28.149,4.378,100.834
2013-02-17,270.103,12.033,127.45,409.586,23.851,0.068,0.231,24.15,72.851,73.739,27.605,4.563,101.344
2013-02-24,262.922,12.185,125.619,400.726,21.676,0.074,0.23,21.98,72.163,72.949,27.338,4.51,100.287
2013-03-03,279.77,12.215,131.625,423.61,27.353,0.067,0.202,27.622,73.827,74.648,27.884,5.983,102.532
2013-03-10,284.553,12.326,133.89,430.769,31.092,0.066,0.325,31.483,74.863,75.716,28.932,6.399,104.648
2013-03-17,277.827,12.519,130.651,420.997,27.249,0.079,0.186,27.514,74.008,74.917,28.17,5.962,103.087
2013-03-24,272.813,12.52,129.466,414.799,27.27,0.092,0.246,27.608,73.231,74.048,28.147,5.471,102.195
2013-03-31,271.102,11.619,134.251,416.972,22.197,0.065,0.29,22.552,72.931,73.777,25.989,3.999,99.766
2013-04-07,276.618,11.564,136.317,424.499,33.233,0.064,0.326,33.623,72.547,73.401,25.526,6.773,98.927
2013-04-14,274.44,12.64,130.683,417.763,34.595,0.075,0.236,34.906,72.671,73.533,27.691,7.201,101.224
2013-04-21,285.142,13.14,135.164,433.446,28.024,0.125,0.245,28.394,72.45,73.257,28.172,5.442,101.429
2013-04-28,281.612,13.19,135.759,430.561,18.644,0.049,0.198,18.891,71.002,71.876,27.355,3.468,99.231
2013-05-05,284.47,13.202,140.358,438.03,14.802,0.055,0.22,15.077,71.271,72.088,27.43,2.105,99.518
2013-05-12,287.84,12.01,143.868,443.718,15.863,0.078,0.271,16.212,71.994,72.845,26.147,2.242,98.992
2013-05-19,274.144,12.571,134.144,420.859,14.453,0.069,0.189,14.711,71.275,72.106,27.752,2.307,99.858
2013-05-26,273.477,12.669,134.158,420.304,13.465,0.086,0.19,13.741,71.819,72.684,27.087,2.185,99.771
2013-06-02,267.531,11.268,132.676,411.475,12.881,0.031,0.234,13.146,70.106,70.893,24.297,1.98,95.19
2013-06-09,274.663,12.49,135.155,422.308,13.321,0.026,0.231,13.578,69.882,70.714,26.223,2.066,96.937
2013-06-16,275.041,12.76,134.204,422.005,13.246,0.042,0.225,13.513,71.609,72.428,26.924,2.032,99.352
2013-06-23,284.197,13.128,139.708,437.033,14.085,0.053,0.189,14.327,71.785,72.626,27.787,2.368,100.413
2013-06-30,281.014,12.992,138.12,432.126,10.941,0.063,0.162,11.166,70.745,71.566,27.734,1.35,99.3
2013-07-07,287.36,12.947,140.444,440.751,13.635,0.081,0.273,13.989,71.951,72.802,27.505,1.681,100.307
2013-07-14,296.5,12.535,148.64,457.675,13.475,0.051,0.189,13.715,72.405,73.225,26.997,1.967,100.222
2013-07-21,295.791,12.208,149.047,457.046,14.979,0.061,0.304,15.344,72.53,73.396,27.699,2.068,101.095
2013-07-28,285.36,12.536,142.857,440.753,16.191,0.077,0.178,16.446,71.897,72.691,27.693,2.637,100.384
2013-08-04,272.274,12.39,135.485,420.149,13.994,0.031,0.196,14.221,70.016,70.83,26.804,2.217,97.634
2013-08-11,266.98,12.267,134.214,413.461,14.288,0.065,0.195,14.548,69.363,70.158,25.961,2.237,96.119
2013-08-18,261.58,11.984,129.971,403.535,14.894,0.041,0.143,15.078,69.665,70.452,25.704,2.164,96.156
2013-08-25,268.756,12.261,136.199,417.216,15.598,0.047,0.244,15.889,70.69,71.512,26.038,2.399,97.55
2013-09-01,276.232,11.255,139.856,427.343,17.013,0.015,0.186,17.214,70.187,70.994,23.848,2.767,94.842
2013-09-08,267.587,12.086,130.99,410.663,16.215,0.034,0.167,16.416,70.008,70.732,26.856,2.986,97.588
2013-09-15,258.761,11.975,124.601,395.337,13.092,0.034,0.13,13.256,70.033,70.852,27.021,2.287,97.873
2013-09-22,269.769,12.412,128.688,410.869,19.153,0.028,0.202,19.383,73.746,74.553,27.73,3.591,102.283
2013-09-29,281.5,12.483,136.37,430.353,20.024,0.035,0.241,20.3,73.542,74.399,27.653,3.638,102.052
2013-10-06,276.433,12.234,134.677,423.344,18.812,0.031,0.264,19.107,71.976,72.822,28.214,3.398,101.036
2013-10-13,271.969,11.825,131.568,415.362,16.741,0.026,0.215,16.982,71.899,72.652,27.7,2.971,100.352
2013-10-20,269.023,11.888,129.592,410.503,17.882,0.047,0.213,18.142,73.349,74.185,28.508,3.33,102.693
2013-10-27,275.296,11.866,131.204,418.366,19.567,0.017,0.2,19.784,74.651,75.505,28.103,3.433,103.608
2013-11-03,255.549,11.62,121.912,389.081,13.709,0.016,0.213,13.938,70.739,71.506,27.152,2.109,98.658
2013-11-10,264.517,11.927,125.004,401.448,15.792,0.043,0.196,16.031,73.299,74.113,28.243,2.564,102.356
2013-11-17,266.406,11.929,128.28,406.615,15.708,0.037,0.196,15.941,73.516,74.379,28.18,2.597,102.559
2013-11-24,265.953,11.772,127.097,404.822,17.136,0.011,0.225,17.372,74.172,75.002,29.265,3.263,104.267
2013-12-01,271.501,11.693,129.109,412.303,17.773,0.034,0.234,18.041,74.749,75.585,29.602,3.005,105.187
2013-12-08,273.931,11.697,130.162,415.79,21.276,0.017,0.25,21.543,74.825,75.945,29.678,3.671,105.623
2013-12-15,273.068,11.569,131.335,415.972,21.629,0.017,0.222,21.868,75.657,76.626,29.526,3.971,106.152
2013-12-22,265.814,11.612,131.075,408.501,18.009,0.034,0.155,18.198,75.572,76.46,30.12,3.499,106.58
2013-12-29,247.02,8.401,116.741,372.162,13.366,0.006,0.173,13.545,74.849,75.648,23.87,2.08,99.518
2014-01-05,256.873,10.007,120.583,387.463,21.858,0.025,0.23,22.113,76.098,76.975,26.338,5.128,103.313
2014-01-12,250.926,11.851,120.789,383.566,20.875,0.034,0.174,21.083,73.105,73.89,27.922,5.227,101.812
2014-01-19,256.739,11.829,121.964,390.532,17.591,0.039,0.149,17.779,73.792,74.577,28.515,4.068,103.092
2014-01-26,260.565,11.881,125.572,398.018,15.389,0.055,0.144,15.588,73.919,74.767,28.884,3.203,103.651
2014-02-02,266.802,11.691,128.436,406.929,18.993,0.041,0.217,19.251,75.201,76.085,28.968,3.976,105.053
2014-02-09,273.428,11.702,133.283,418.413,23.572,0.032,0.214,23.818,76.242,77.088,29.142,5.376,106.23
2014-02-16,267.564,11.729,129.825,409.118,22.87,0.045,0.289,23.204,75.454,76.293,28.205,5.411,104.498
2014-02-23,267.749,11.962,131.167,410.878,20.234,0.046,0.209,20.489,74.869,75.739,28.26,3.942,103.999
2014-03-02,279.683,12.56,137.753,429.996,22.15,0.043,0.333,22.526,76.333,77.176,28.867,4.72,106.043
2014-03-09,285.649,12.613,140.353,438.615,21.55,0.026,0.339,21.915,75.87,76.688,29.048,4.11,105.736
2014-03-16,289.532,12.783,144.535,446.85,16.433,0.058,0.238,16.729,75.096,75.897,28.663,2.717,104.56
2014-03-23,291.12,12.718,147.117,450.955,18.359,0.074,0.419,18.852,77.142,77.994,28.863,3.172,106.857
2014-03-30,281.399,12.282,140.096,433.777,17.941,0.033,0.289,18.263,75.243,76.11,28.831,3.082,104.941
2014-04-06,292.787,12.695,144.533,450.015,24.998,0.051,0.387,25.436,77.868,78.767,29.448,4.903,108.215
2014-04-13,277.633,12.602,137.849,428.084,19.485,0.027,0.281,19.793,75.742,76.617,28.323,3.551,104.94
2014-04-20,276.715,11.366,144.596,432.677,14.665,0.008,0.279,14.952,74.595,75.394,25.954,2.201,101.348
2014-04-27,284.929,11.621,145.609,442.159,22.634,0.033,0.358,23.025,76.458,77.354,26.734,4.262,104.088
2014-05-04,286.6,12.981,141.486,441.067,21.525,0.045,0.328,21.898,76.529,77.446,28.837,3.763,106.283
2014-05-11,291.999,11.992,144.942,448.933,22.666,0.043,0.275,22.984,76.308,77.23,26.807,3.98,104.037
2014-05-18,294.595,12.631,142.993,450.219,22.748,0.037,0.335,23.12,77.042,77.936,28.589,4.041,106.525
2014-05-25,296.666,12.709,148.416,457.791,24.153,0.04,0.321,24.514,77.702,78.573,29.232,4.298,107.805
2014-06-01,280.352,11.312,138.891,430.555,21.805,0.092,0.338,22.235,75.215,76.028,25.438,3.912,101.466
2014-06-08,290.524,13.195,140.478,444.197,24.527,0.094,0.374,24.995,76.76,77.645,27.902,4.18,105.547
2014-06-15,297.437,12.758,145.681,455.876,21.587,0.05,0.439,22.076,76.469,77.371,28.042,3.542,105.413
2014-06-22,298.955,13.136,148.845,460.936,18.995,0.077,0.456,19.528,76.008,76.905,28.344,2.84,105.249
2014-06-29,296.047,12.486,146.858,455.391,19.521,0.061,0.423,20.005,76.136,77.005,27.947,3.094,104.952
2014-07-06,295.385,12.643,142.493,450.521,21.231,0.029,0.323,21.583,76.627,77.537,28.591,3.565,106.128
2014-07-13,297.242,12.825,143.054,453.121,20.599,0.095,0.291,20.985,76.152,77.031,28.653,3.358,105.684
2014-07-20,298.711,12.654,145.234,456.599,23.15,0.102,0.32,23.572,76.824,77.684,28.007,4.226,105.691
2014-07-27,293.482,12.483,145.149,451.114,21.939,0.07,0.344,22.353,74.654,75.518,27.576,4.076,103.094
2014-08-03,279.941,12.239,139.433,431.613,18.607,0.035,0.367,19.009,72.647,73.45,27.501,3.325,100.951
2014-08-10,274.519,12.295,134.565,421.379,20.422,0.033,0.269,20.724,72.529,73.363,26.999,3.331,100.362
2014-08-17,262.32,12.162,127.151,401.633,18.138,0.052,0.245,18.435,71.856,72.658,26.429,3.148,99.087
2014-08-24,259.929,12.304,125.106,397.339,17.228,0.056,0.294,17.578,72.777,73.634,26.848,2.871,100.482
2014-08-31,271.404,11.045,129.533,411.982,23.561,0.073,0.362,23.996,73.342,74.143,24.419,4.961,98.562
2014-09-07,278.96,12.104,131.773,422.837,25.47,0.084,0.415,25.969,74.269,75.116,27.273,5.247,102.389
2014-09-14,283.233,12.168,135.656,431.057,21.75,0.071,0.369,22.19,75.027,75.854,27.37,4.35,103.224
2014-09-21,291.219,12.247,137.734,441.2,23.177,0.063,0.297,23.537,76.597,77.462,28.114,4.575,105.576
2014-09-28,286.005,12.196,135.643,433.844,20.933,0.038,0.313,21.284,75.937,76.807,27.818,4.009,104.625
2014-10-05,288.276,12.181,134.76,435.217,23.565,0.074,0.405,24.044,76.659,77.534,28.558,5.005,106.092
2014-10-12,279.293,12.299,131.044,422.636,25.624,0.031,0.314,25.969,76.281,77.272,28.111,5.618,105.383
2014-10-19,287.252,12.417,133.723,433.392,29.884,0.043,0.396,30.323,78.115,79.112,28.604,6.452,107.716
2014-10-26,281.392,12.333,133.566,427.291,26.378,0.03,0.381,26.789,76.333,77.212,28.262,5.414,105.474
2014-11-02,274.772,12.15,130.538,417.46,25.796,0.034,0.382,26.212,76.086,77.015,27.866,5.435,104.881
2014-11-09,275.492,12.631,130.29,418.413,26.887,0.051,0.426,27.364,76.055,77.271,28.782,6.076,106.053
2014-11-16,283.727,12.416,133.144,429.287,30.04,0.091,0.416,30.547,77.679,78.93,29.433,6.641,108.363
2014-11-23,282.925,12.064,135.397,430.386,25.889,0.031,0.404,26.324,77.613,78.792,30.518,5.797,109.31
2014-11-30,284.869,11.747,136.484,433.1,27.478,0.108,0.421,28.007,78.838,80.081,30.569,5.597,110.65
2014-12-07,286.577,11.681,138.119,436.377,35.347,0.02,0.545,35.912,79.182,80.428,29.88,7.803,110.308
2014-12-14,288.729,11.545,140.173,440.447,44.129,0.061,0.669,44.859,79.952,81.253,29.887,10.182,111.14
2014-12-21,289.558,11.651,145.292,446.501,49.053,0.036,0.736,49.825,80.929,82.227,30.379,12.725,112.606
2014-12-28,262.888,8.463,131.963,403.314,37.492,0.037,0.75,38.279,79.181,80.401,23.842,8.274,104.243
2015-01-04,266.333,10.079,131.622,408.034,53.706,0.031,0.583,54.32,79.865,80.97,26.512,16.33,107.482
2015-01-11,249.648,11.858,127.871,389.377,39.188,0.044,0.493,39.725,75.546,76.645,28.557,11.974,105.202
2015-01-18,245.85,11.52,120.97,378.34,28.545,0.022,0.37,28.937,73.547,74.618,28.367,8.926,102.985
2015-01-25,253.374,11.521,125.039,389.934,26.75,0.02,0.341,27.111,74.659,75.743,28.446,7.472,104.189
2015-02-01,260.126,11.949,128.914,400.989,30.367,0.069,0.298,30.734,74.993,76.048,28.493,8.4,104.541
2015-02-08,263.251,11.792,132.74,407.783,28.725,0.04,0.317,29.082,75.574,76.657,28.878,7.28,105.535
2015-02-15,272.331,11.966,136.367,420.664,35.126,0.048,0.357,35.531,77.36,78.402,28.795,8.897,107.197
2015-02-22,262.37,11.945,131.906,406.221,32.203,0.037,0.402,32.642,76.398,77.388,27.362,8.015,104.75
2015-03-01,276.892,12.538,137.059,426.489,35.999,0.071,0.356,36.426,77.707,78.799,28.789,9.036,107.588
2015-03-08,280.281,12.803,141.69,434.774,30.734,0.041,0.388,31.163,76.472,77.754,28.89,6.911,106.644
2015-03-15,278.625,12.608,142.904,434.137,28.606,0.107,0.484,29.197,76.294,77.662,29.315,5.999,106.977
2015-03-22,286.565,12.625,146.729,445.919,29.905,0.079,0.536,30.52,77.314,78.675,29.002,6.662,107.677
2015-03-29,285.847,13.215,145.955,445.017,34.921,0.088,0.564,35.573,77.388,78.784,29.207,7.746,107.991
2015-04-05,282.737,11.721,146.641,441.099,32.857,0.128,0.59,33.575,77.5,78.897,27.263,7.459,106.16
2015-04-12,283.444,11.166,148.664,443.274,32.48,0.186,0.609,33.275,75.566,76.9,25.263,7.434,102.163
2015-04-19,279.849,12.762,141.821,434.432,28.583,0.137,0.473,29.193,75.697,76.96,27.894,6.651,104.854
2015-04-26,281.519,12.777,140.213,434.509,24.339,0.066,0.414,24.819,75.733,76.959,28.383,5.448,105.342
2015-05-03,280.608,12.835,139.871,433.314,24.865,0.071,0.485,25.421,76.979,78.272,29.489,5.396,107.761
2015-05-10,288.787,12.01,143.646,444.443,28.805,0.066,0.553,29.424,77.591,78.887,27.136,6.554,106.023
2015-05-17,286.678,12.967,141.081,440.726,24.871,0.128,0.447,25.446,77.023,78.323,28.848,5.347,107.171
2015-05-24,280.605,12.933,140.995,434.533,20.636,0.092,0.47,21.198,76.391,77.722,28.801,4.253,106.523
2015-05-31,278.057,11.444,140.609,430.11,22.635,0.175,0.547,23.357,74.952,76.271,25.536,5.005,101.807
2015-06-07,284.2,12.243,137.312,433.755,25.162,0.034,0.519,25.715,75.884,77.128,28.101,5.615,105.229
