index,NN3-001,NN3-002,NN3-003,NN3-004,NN3-005,NN3-006,NN3-007,NN3-008,NN3-009,NN3-010,NN3-011,NN3-012,NN3-013,NN3-014,NN3-015,NN3-016,NN3-017,NN3-018,NN3-019,NN3-020,NN3-021,NN3-022,NN3-023,NN3-024,NN3-025,NN3-026,NN3-027,NN3-028,NN3-029,NN3-030,NN3-031,NN3-032,NN3-033,NN3-034,NN3-035,NN3-036,NN3-037,NN3-038,NN3-039,NN3-040,NN3-041,NN3-042,NN3-043,NN3-044,NN3-045,NN3-046,NN3-047,NN3-048,NN3-049,NN3-050,NN3-051,NN3-052,NN3-053,NN3-054,NN3-055,NN3-056,NN3-057,NN3-058,NN3-059,NN3-060,NN3-061,NN3-062,NN3-063,NN3-064,NN3-065,NN3-066,NN3-067,NN3-068,NN3-069,NN3-070,NN3-071,NN3-072,NN3-073,NN3-074,NN3-075,NN3-076,NN3-077,NN3-078,NN3-079,NN3-080,NN3-081,NN3-082,NN3-083,NN3-084,NN3-085,NN3-086,NN3-087,NN3-088,NN3-089,NN3-090,NN3-091,NN3-092,NN3-093,NN3-094,NN3-095,NN3-096,NN3-097,NN3-098,NN3-099,NN3-100
2020-01-01,5520,5080,6320,5500,4670,4540,7700,8300,5400,1880,2940,2300,5760,5520,7778,9520,8372,5548,5100,9290,4190,4120.0,5125,9000,1500,6800,6685,7552,4550,6300,1680.0,7740,5430,5700,3700,6500,6950,3980,4600,2832,6120,6030,3120,2660,2160,5050,12050,6530,4200,8300,5379,7433,4243,2478,5683,5550,6370,6600,1211,4738,3959,1365,2730,5900,4709,6970,4160,3070,872,13430,7149,5305,1093,6650,4935,9315,4815,7401,6780,4080,2041,4692,4580,5370,4780,4094,3990,2992,1370,3690,5045,2780,3480,4935,1860,1640,4093,3528,3125,3765
2020-01-02,3940,3690,4770,3860,3150,4035,5700,7400,5200,1100,2720,2140,4190,3880,4960,5894,5820,3436,5750,6160,6185,5020.0,3990,6600,6300,4200,4885,6052,3200,6012,1920.0,4940,4365,4080,2460,5200,6650,2870,3880,3624,3810,5010,3000,3380,1320,4650,4500,6880,5100,8155,5338,7694,4111,2769,5287,5530,6570,6800,1335,4687,3704,1134,3200,6240,5372,6455,3960,3022,1660,13020,7567,5147,1199,6350,4395,9636,4820,6525,6041,4162,1982,5564,4880,5360,4010,4005,4080,3256,1480,3690,5020,2760,1020,5585,3880,3490,5802,3671,1860,3680
2020-01-03,4490,4260,5740,4880,3770,3725,6850,7800,4650,2160,3620,2760,4910,4840,6152,7400,7124,4486,6950,8320,6820,3840.0,4545,8100,3000,4100,4100,6074,3800,6740,120.0,4140,3165,4660,3320,5160,6900,2010,4240,3528,3900,5520,2760,3240,5760,5650,5480,7850,4200,8405,5977,8526,5194,3697,6608,6070,7650,7500,1688,5931,5149,2186,4690,6175,6284,8005,4170,3569,1498,11710,9955,5620,1456,6900,4860,11658,4835,7396,6732,4200,2216,5652,4960,5525,4400,4614,3640,4290,1440,4250,5035,2720,560,5790,2660,4025,8459,3779,2815,3265
2020-01-04,5030,3920,5360,4420,3380,3405,5200,9000,3950,1600,2680,1900,4870,4360,6210,7378,6218,4188,3700,8310,5950,5720.0,3330,7000,6000,4250,5010,6160,6500,6058,1080.0,6400,5255,4240,2480,5120,6250,2800,3220,3168,4500,4950,1800,1440,2520,3800,8650,4540,5500,7145,5586,7539,5303,3679,6826,6120,6920,7500,2262,5532,5419,1765,4880,5955,7048,8115,6180,3613,548,9265,5566,5367,2307,6700,4725,9169,5020,9133,6045,4156,2159,5644,5060,5380,4680,4833,3200,4190,1530,4410,5065,2720,4940,6355,3080,5790,7008,3968,2820,2950
2020-01-05,5660,4290,4990,4900,3930,4195,5750,7200,4650,1900,3460,3140,4750,3800,6516,7112,7464,4142,6050,6750,5885,4960.0,3805,7700,1200,4200,6210,5912,5050,6684,840.0,5880,4650,4160,3200,5300,6900,3060,4320,3360,4970,5160,2400,1080,4560,4100,6430,5560,4500,6945,5594,7428,5465,3970,6995,5840,6720,7400,3835,5430,5151,1849,5100,5955,6932,8180,5520,3329,284,7280,4397,5068,5391,7200,4235,8357,5020,5584,6360,4129,2768,5864,4960,5275,4900,4502,2880,4080,1760,4170,5085,2660,7130,6430,3300,5210,7948,4279,3440,2975
2020-01-06,4790,3840,5330,4230,3350,3955,4500,6800,4500,1860,2880,2160,4930,4560,5904,7232,7200,3866,5200,8710,6020,1960.0,3475,5100,3000,4200,6360,5798,7400,5692,1440.0,5280,4345,3540,2980,4820,4950,2670,4680,3180,5580,5820,3120,1800,2640,3950,5390,4690,4200,6725,5591,7835,5828,4074,7509,6360,6880,7600,6423,6107,6368,1618,5610,6045,7063,7930,3750,3720,170,5040,3971,5652,5043,7150,4420,8103,5030,8327,5387,4064,2636,6080,5240,5670,4820,4418,2900,4162,1890,3990,5095,2640,9480,6545,6300,6110,3758,4036,4025,3225
2020-01-07,5520,4830,5210,3970,3610,3840,5650,8300,4100,1780,3140,2060,4910,4560,5554,7702,7022,4582,5050,6300,4470,3780.0,3700,4900,5400,3750,5655,5862,3100,5472,480.0,5060,4965,4600,3880,5800,6950,2590,3640,4272,5250,6540,4560,5640,2520,3000,10520,7160,4500,7270,5459,6147,4926,3038,6600,6300,6180,7300,9784,5961,6427,2100,4390,5510,4583,7275,3400,3347,364,3860,5805,5106,4872,5450,3620,9306,5060,5712,5296,4070,2818,6116,5320,5525,4610,4521,2995,3688,1890,3980,5100,2640,11230,6530,3140,3795,5961,4788,2810,3270
2020-01-08,5560,4120,5470,4690,3740,3795,4900,5500,5450,2100,4000,3480,4750,5120,6298,7854,7198,4506,4400,5710,5885,3620.0,3940,5600,3300,3000,4455,5232,2500,6662,720.0,3620,3780,4400,3320,5180,7300,3660,4900,3144,4890,5670,2400,4560,3480,2450,7010,6000,2100,6825,4779,7418,5310,2817,7313,6400,6700,7900,9064,5542,5724,2023,3560,5440,3611,7865,5170,3274,3006,6160,7112,5872,4260,6850,4835,6138,5060,5918,6069,4175,2641,5732,5380,5795,4740,4513,2785,3846,2030,4070,5130,2660,10900,7090,2940,4865,6254,3815,3120,3425
2020-01-09,5200,4530,4740,4190,3590,3495,4950,5400,5100,2940,4360,3340,5020,4320,5466,6324,6694,4180,3250,5740,4885,6700.0,3090,7100,4800,2150,4195,5474,2850,5424,4080.0,3920,3090,4600,3420,4140,5400,2480,4840,4140,6360,5160,2160,1440,2760,3750,3850,6280,1800,4150,3979,7764,5681,3022,7792,5490,6720,7100,6082,5362,4809,1753,4290,5960,6160,7610,3890,3493,6616,13610,5623,5815,4006,7250,4415,8419,5090,5984,5638,4364,2393,5188,5260,5315,4720,4298,2455,3838,1910,3960,5140,2700,9340,7055,4940,4450,4259,3641,3600,3575
2020-01-10,6670,4640,6280,4960,3730,4110,5650,7200,5250,2420,4220,3180,6380,5380,6482,8262,7812,4514,3950,6710,7200,3780.0,4200,10300,5100,3500,5900,6570,3300,7192,1560.0,6480,4955,4980,3780,4920,7600,3460,4320,3948,4350,7230,3840,2520,4560,4600,7530,6660,6300,7145,3950,7691,5355,2919,7303,5630,7170,7700,4456,5237,4596,1568,4310,6100,6674,7435,3580,3633,3392,15455,11673,5664,3212,8150,4915,6404,5095,4682,6085,4179,2575,4988,5360,5185,4930,4084,2400,4008,1950,4080,5195,2760,6900,6935,4240,3415,5671,4361,2875,3455
2020-01-11,5900,4510,6200,5590,3850,4005,7200,5000,5150,2660,4300,2800,5910,4860,6134,8248,8120,4150,4150,7310,5460,5340.0,4120,8600,2700,2000,5185,7202,3950,7214,480.0,4340,3815,4620,4080,5680,7000,2530,4720,3732,5070,7170,2880,4080,4440,3250,5320,7600,6600,8080,4659,6793,4598,2652,6169,5580,6910,6500,2105,4827,4454,1912,4070,6515,5873,8480,3130,4313,1696,14530,13034,4966,3114,7600,4075,7490,5095,4432,5236,4098,2310,4788,5260,4995,5080,4535,2280,4254,2140,4060,5270,2780,2220,7175,3360,810,4027,2922,3355,3335
2020-01-12,5280,4660,5640,5000,4010,3910,5350,6800,4200,1980,3020,2780,5880,4560,5446,7304,7192,4240,6550,7240,5925,3280.0,4525,4300,3600,3750,6605,5522,2600,6444,720.0,5400,4840,4620,3160,5700,7600,2430,3980,2748,4000,4290,2160,2400,2400,4650,5350,4330,3300,5500,5552,6986,4356,3518,5303,5780,6960,5000,1115,4782,4488,2492,3660,6760,5203,8850,4950,5168,1536,13815,11738,4230,1594,7500,4340,9120,5065,4871,4898,4270,2251,4880,5560,4930,4410,4814,4750,3944,1870,3680,5255,2740,1030,6610,5400,1100,5594,2932,3755,3725
2020-01-13,6490,5340,7160,6030,4790,5355,8300,8400,6050,2520,4840,4180,7400,5820,7620,9692,9026,5800,6550,8650,7170,4980.0,4705,8800,4800,4550,4380,7654,6400,7886,6120.0,6400,4650,5960,3440,6800,7100,3660,5440,3996,5550,6810,4800,2880,4440,4500,7180,7780,8100,8660,5847,7749,4231,2458,5632,5670,6880,6200,1225,4983,3696,1240,4570,7355,4977,8345,4310,2984,1010,12860,4839,4823,401,7950,4575,8682,5055,7805,5123,4035,2183,4852,5460,4620,5090,4512,3890,3750,1910,4070,5180,2720,1490,6615,3280,865,6712,5833,3130,3895
2020-01-14,5560,3960,5530,4690,3330,3610,5700,7500,4700,2220,4080,2820,5300,4260,5628,7388,6780,4008,7000,8330,8030,6220.0,4920,6800,1500,5950,6185,5198,4500,7056,2040.0,5320,5000,4980,3760,4500,5850,2550,4240,2796,3270,3030,3480,1680,2400,5150,5380,6070,3600,7080,5590,7496,4511,3701,5516,6030,6790,7000,1440,4718,4103,2168,4740,7660,6449,8275,3830,2901,1366,11500,6823,5285,632,7850,3700,7655,5045,5690,5283,4251,1796,5284,4940,4480,5070,4713,3530,3596,1960,3940,5265,2680,230,6375,3780,2640,4794,4255,3315,4145
2020-01-15,5090,3680,4890,4090,2940,3395,5650,5500,4300,2920,4280,3500,5500,3720,5042,6290,6432,3608,5350,7810,5905,5400.0,5940,5700,900,5000,3445,5294,1700,7212,3960.0,3340,2810,4540,3020,4280,5950,1770,4140,3096,4950,3510,960,4200,1920,3700,8260,7350,1800,5560,6060,7685,5410,4232,6677,6760,7880,7400,1777,5524,5299,2379,5750,7860,7317,8595,5430,3629,1568,10660,7767,5743,485,8900,4155,8204,5045,7514,5732,4342,2355,5556,5040,4320,4940,4682,3525,4238,2020,4160,5300,2660,90,6925,4400,2640,7069,3935,3415,4490
2020-01-16,7090,4320,5660,5070,4020,4155,5350,5900,3750,2600,5540,3860,6290,4500,6062,7794,7140,4432,5150,8260,6940,5180.0,4305,6500,600,2500,3445,6588,7200,7344,2160.0,7120,5260,4100,2740,5500,7850,4410,4620,4176,5100,4890,2760,2040,3000,3850,8250,6940,5500,8345,5998,8163,5335,4143,6593,6050,7220,7200,2636,5287,5156,2389,5290,7675,7332,8430,4580,3374,1404,9340,7049,4837,2922,7300,4295,8360,5100,3952,4467,4360,2183,5472,4900,4310,4710,4640,2945,4308,2050,4030,5305,2620,670,7255,4520,1705,6270,4092,3030,4280
2020-01-17,6570,4420,6430,5050,4010,4345,5950,6100,4050,3300,5100,4040,6530,5200,6150,7586,7774,4240,4400,6680,7045,5280.0,4295,9900,5400,3150,3620,6408,2550,6504,120.0,6380,4180,5040,3800,5620,7050,5390,4420,3396,5790,4950,2160,2160,7200,3350,6060,7320,6700,5890,6239,7827,5672,4286,7101,5910,7290,6900,3788,5389,5699,2566,5870,7300,8573,8395,6270,3408,1104,8050,5749,4824,5408,8250,4190,9450,5100,5614,4072,4268,2919,5044,4520,4650,4330,4499,2980,4350,2080,4110,5340,2600,2380,7090,4820,6100,6149,4826,4495,3785
2020-01-18,5890,4310,5270,4520,3450,3795,4750,6600,4250,2560,3820,2900,5560,4300,5750,7850,7784,4576,3500,5580,5000,4460.0,3290,5600,2400,4250,3865,5106,4100,6504,1200.0,4420,4860,4520,3340,4500,6300,4840,4160,3324,3750,5850,2160,1800,5280,3550,6950,5480,3600,5175,6138,7737,6129,4461,7793,6510,7260,7400,6649,5810,6326,2050,6440,7230,7347,7735,4740,3868,812,6540,3444,6059,5681,7700,4815,10714,5095,4517,3604,4230,2386,4852,4600,4980,4320,4189,2740,4386,2040,4110,5335,2580,4970,7155,3040,3915,6510,3546,4770,3295
2020-01-19,6640,4410,6240,5070,4080,3960,6500,7200,4250,3160,4980,4400,6560,5460,5896,7634,7574,4320,3300,6340,5875,2180.0,3415,7100,600,3750,6050,6294,4800,6362,1080.0,4820,5370,5260,3920,5260,7950,4290,5120,3840,5370,6720,2760,5400,1200,5250,5530,7640,2400,6650,5623,6285,5364,3240,7177,6360,6490,6400,9383,5057,5732,2065,4610,6490,4678,7890,3260,3198,868,5060,5168,4917,6082,6450,3965,7080,5160,3911,3931,4285,2384,4624,4100,4955,3730,3813,3030,4086,1880,4080,5335,2600,5500,7005,3940,3785,6060,3878,4785,3290
2020-01-20,6360,4340,5220,4290,3590,3615,5900,6400,4350,2160,4720,3680,6270,4800,5752,7504,6468,3490,3800,4490,5625,2560.0,3045,5800,1200,4500,4960,5898,3300,6080,1080.0,8160,5275,4440,2700,4500,7300,6390,5260,3336,5940,5910,1800,3840,3740,4550,6910,7310,2100,5915,5166,8220,6035,3931,7843,6460,7220,5500,9051,5604,6029,1401,4920,6340,3757,8435,5970,3383,2396,6350,4016,5580,5631,7900,5130,9863,5210,3187,4012,4324,2461,4648,4540,5285,4220,3707,2165,3878,2100,4000,5345,2640,6120,6565,2820,5645,6717,4459,4260,3530
2020-01-21,5640,4010,4660,4400,3500,3755,5400,6300,3800,2160,4780,2960,5410,4500,5118,7094,7130,3854,4050,5000,5165,5280.0,3390,5300,3300,6250,3615,5884,4100,5842,1080.0,5520,4220,3520,2460,5380,7450,4420,3980,3768,3540,4500,2520,3000,1560,2200,4420,8560,3600,5905,4342,8180,6374,5003,7859,5710,7190,6600,5876,5285,5193,2577,6270,6330,6420,7620,6910,3377,6556,14130,4089,5666,4066,7200,5785,8112,5250,5681,4979,4321,2358,4696,4980,4605,4750,4372,2495,4294,1880,4140,5285,2720,4960,6200,2860,5030,7185,4367,3510,4345
2020-01-22,6630,4210,6110,5080,3680,3810,5300,5800,4300,2840,5160,4020,6220,4640,6196,8008,7468,3808,5900,7030,7015,4480.0,3715,10200,2400,5050,4080,6066,3900,8282,2160.0,6640,6365,5000,2880,4500,6050,6370,4980,3516,3630,5310,2520,3600,2760,6900,4240,8360,3100,7060,4149,8367,6160,4870,7577,5910,7550,7000,3940,5215,4888,2349,6780,6465,7979,7610,6380,3436,3014,16380,5662,5407,4825,8650,5615,8719,5250,3228,5036,4300,2181,4532,4840,4535,4920,4295,2850,4334,1920,4320,5310,2800,20720,5620,3860,2775,7707,5331,4620,4340
2020-01-23,5330,4330,5240,4180,3750,3570,6000,4600,3600,2400,4740,3360,5700,4600,6134,7514,7328,4396,3650,6100,5990,5820.0,3100,7500,6900,3050,3970,6174,5000,6372,240.0,5600,3520,3620,3120,4640,6400,4050,3940,4056,4530,5280,3240,4560,2760,3450,7190,7230,2400,5905,4936,7568,5258,4625,6229,5680,7400,6200,1936,4625,4482,2431,6360,7020,7491,8005,6460,4315,1428,16160,10739,4954,5213,7100,5135,8974,5255,5111,4731,4387,2145,4700,4620,4750,3940,4798,3575,3944,1950,4560,5255,2860,18150,5590,2900,1910,7000,3544,4040,4950
2020-01-24,5540,4600,6680,5230,4370,4410,6850,6300,4750,3020,5580,3480,6930,5400,6694,8988,8080,4038,5600,9740,7905,5720.0,4715,5300,5400,3050,4065,6542,4100,7222,1440.0,4220,6180,5160,3980,5880,7200,4170,4040,3480,5220,5040,1680,720,3720,4650,7210,5270,3450,6735,6338,7742,5000,4608,5740,5690,7220,5100,1348,4270,4417,2471,5810,7075,5595,8935,4570,5047,1440,15850,11097,3308,4118,7150,6070,8588,5135,4578,4654,4606,1820,4896,5200,4810,4910,5064,3930,4368,1770,3860,5225,2800,9800,5415,4960,4470,7066,3263,4130,5395
2020-01-25,7100,5140,6210,5200,4180,4345,7000,6600,5500,3580,6500,4820,6890,5220,6688,8674,7858,5000,6650,7940,7980,8340.0,5110,7400,2100,5100,4790,6476,3950,7860,1200.0,8120,6025,5180,3300,5400,8800,4760,5500,3384,4440,5820,2760,2880,4200,5750,5900,6210,2100,7235,5947,8375,5553,4755,6559,5360,7120,5600,1180,4685,4539,1423,6470,8040,4943,8320,5660,3067,1176,15930,3806,4869,1160,8350,6245,6927,5220,3054,4589,4424,1716,5004,5080,4800,5070,4471,3675,4578,1860,3560,5200,2780,6910,5570,5300,2310,8504,3992,3415,4895
2020-01-26,5410,4010,5320,3800,3350,3550,5150,5300,4600,2460,4360,3100,5390,3700,5578,7242,5472,3248,4750,7740,6460,7080.0,3825,5300,10500,2900,4055,5808,3300,7000,1560.0,4480,4070,3680,2740,4840,7450,3710,3880,3996,3690,4470,5040,1440,1680,5150,4300,7280,4500,6375,5580,8749,5391,5109,6127,5380,7280,6400,1237,4234,3470,2051,6820,8020,6332,7670,5100,3089,1424,15320,7147,4270,1271,8150,4975,8007,5245,8803,5000,4494,2178,5132,4400,4715,4320,4908,2850,4242,1920,3910,5155,2740,8520,5545,5060,2950,7966,4662,3485,4255
2020-01-27,5800,4440,6160,5010,3780,3685,6700,5300,4350,3060,5600,3200,6790,5180,6518,8520,7584,4694,4100,7820,9300,4160.0,5105,7300,1800,4750,3665,6748,3100,7644,2520.0,4860,6280,4800,3200,6120,7900,5130,3860,3724,6420,7740,1680,2640,2280,5950,3320,6560,1800,6315,6087,9561,6427,5728,7487,6000,7990,7200,1917,5278,5358,2489,7720,7855,7244,8660,4140,3447,1052,13420,10894,5436,1501,8600,5195,9417,5245,5423,5820,4602,2115,5304,4560,4455,4640,4429,4100,5222,1930,4070,5125,2660,8820,5630,5300,6155,7918,5263,3780,3910
2020-01-28,6110,4230,5230,4420,3490,3735,4850,6400,4000,2600,4820,3400,5810,4360,5658,6980,6048,3390,5700,7820,7145,2460.0,3985,6300,1500,2250,3125,5628,2900,7056,600.0,4740,4600,4580,2540,4540,7900,4730,4680,3036,4320,4020,1320,2400,3360,4250,3940,6040,4200,5910,5994,8494,6255,4970,7628,5950,7320,7100,2801,4979,5099,2798,6650,7815,6938,8485,5380,3288,714,12255,7433,4747,3713,7700,4685,8240,5365,6870,4346,4717,1546,5184,4420,4350,4310,4457,4135,4888,1980,4080,5115,2580,14570,5775,4700,1965,8392,4947,4065,3895
2020-01-29,6870,4160,5770,4810,3520,3905,6000,5300,4300,3740,6340,4320,6130,3920,5614,6596,7120,3568,4900,5380,5355,3440.0,3265,8100,2400,2500,3365,6008,6000,6600,1560.0,6880,5660,4400,3200,5000,7050,4390,5500,2988,4680,6480,3000,2640,3480,2950,6160,7370,2700,6330,6363,9022,6336,5290,7603,5960,7610,7000,4019,5333,5979,2464,6990,7730,6021,8160,6560,3432,650,8785,7244,4785,6348,7850,4530,7832,5365,6742,5013,4715,1723,5392,4420,4295,4170,4514,4880,4878,2080,4110,5150,2500,10340,5685,5300,2080,7199,3674,3470,3910
2020-01-30,6560,4980,6100,4690,3880,4205,5150,5200,4200,3500,5880,4040,6440,4760,6504,8080,6906,3882,3500,7070,5765,3120.0,3620,4900,8400,5250,4930,6978,6350,6972,3240.0,4520,4625,4700,2780,5240,7300,6070,4300,3960,5640,4860,3120,3000,1920,2000,6630,6800,8750,6070,5755,9279,6325,5109,7710,6440,7200,7300,6838,5451,6631,2859,6760,7885,5192,7910,3650,3663,432,6380,5851,6045,6193,7300,5085,9263,5365,5128,4624,4658,1959,5808,4640,4120,4080,4377,4180,4830,2010,4300,5120,2440,11100,5675,4900,3640,7466,5567,4425,3300
2020-01-31,6120,5130,6090,5390,4430,3770,5850,5600,3750,3000,6320,3600,6660,4600,5504,6778,7234,3558,3350,6970,6305,3240.0,3425,7500,2100,1500,2905,6194,6200,6984,7440.0,6620,4665,4800,2600,4780,6150,5510,4480,4692,4440,6390,3000,4320,4200,3400,6210,7100,3000,7675,5499,7773,6226,4063,8102,6190,6730,7600,9351,5224,6163,1472,5170,7900,3104,7725,2970,3158,270,4760,5562,4299,7381,5400,4205,6577,5210,4226,4341,4560,2067,5700,4660,3825,4080,4405,4135,4614,2090,4360,5095,2420,8060,5550,5840,2030,6395,3495,4280,3780
2020-02-01,6540,4220,5810,4730,3420,3640,5750,5000,4050,2400,5540,3880,6470,4580,5838,7126,6682,3924,3250,4080,4985,3560.0,3220,5700,4800,4600,4325,6672,3050,5892,480.0,6300,5040,3620,3020,5060,5050,4240,4720,3492,5400,6030,3000,2880,1200,4150,7040,5670,2100,6280,5027,9039,6085,4551,7534,6550,7340,7600,9149,5790,6653,1475,5190,7065,2261,7555,8360,3344,1902,5730,3855,5452,5998,5650,5160,7633,5210,4409,4950,4509,1897,5160,4260,3845,3690,3922,3645,4800,2120,4560,5085,2420,20360,5015,3800,4845,5390,3412,6335,3830
2020-02-02,5810,4520,5470,4770,3750,3995,5300,6800,4200,2440,4440,3140,5860,4300,5970,8284,7900,4576,4900,4930,5055,3260.0,3310,7000,2700,1750,4820,5768,3250,7284,2640.0,6040,4340,4420,2280,4780,7150,4160,3660,3096,3840,4530,3960,1800,2400,5400,5020,7420,3600,6130,4182,8667,6158,4493,7737,5780,7000,6700,5508,5079,5648,2576,5380,6210,4164,7685,6240,3277,4664,10810,4398,5253,4770,6750,5105,7229,5190,6376,4906,4573,2037,4712,3860,3885,4480,4534,3730,4780,1930,4500,5090,2460,14680,4800,5240,3165,5384,3694,3345,3505
2020-02-03,6300,4390,5780,4690,4010,3825,6100,4900,4300,2540,4800,3340,5910,4920,6152,7786,6582,4014,5550,4820,6145,4780.0,3600,11000,4800,4650,4725,7158,3050,6174,960.0,5460,4825,4620,2720,5120,7800,4040,5000,3648,5370,6450,2640,1200,4080,7050,7120,4150,2700,7120,4177,9568,7053,5467,8695,5800,8070,6800,4148,4706,4732,1563,6860,7170,5839,7740,4260,3798,2680,12845,6479,4963,5152,6400,5565,6948,5180,7053,4913,4515,2046,4496,3660,3905,4130,4289,4990,4690,1860,4470,5100,2520,12090,4450,3720,2345,6473,4463,3825,3505
2020-02-04,6270,4420,5570,4450,3940,3885,4400,8000,4150,2420,5320,3540,6240,3940,6030,7702,7976,4140,4000,6220,6615,6400.0,3730,7400,3900,4900,4925,6086,3550,6730,3120.0,2860,3955,4340,2680,5320,6900,3780,3940,3288,4980,4530,2280,3360,3360,3150,7270,6800,2700,6380,4452,8323,5779,4906,6885,5720,7470,5900,1897,4140,4429,2035,6680,8030,4695,7455,3740,4180,1464,12865,8766,5308,5065,6150,4845,8045,5180,5713,4234,4590,2105,4264,3640,4075,4040,3952,5055,4360,1920,4490,5115,2520,14820,4860,4300,1185,5500,3546,4920,3440
2020-02-05,6900,5620,6660,5400,4330,4265,6850,5100,5050,2800,6000,4800,7160,5640,6730,9572,7358,4192,5100,6360,6935,3880.0,3895,8900,3300,2400,3610,6438,5450,7452,1200.0,6120,4515,4880,3060,5140,9700,4200,3900,3660,4050,5130,1920,3840,3600,5150,5050,5490,6300,7465,5167,7841,5147,4324,6080,5730,7160,5000,1329,3721,3916,3185,5530,8150,4046,7850,5980,4932,1860,13515,9058,4321,2471,6750,4755,7717,5245,4992,3956,4594,1886,4536,3880,4260,4710,4153,7530,4710,1700,4200,5120,2520,19780,4965,6620,1380,7228,3040,4340,3065
2020-02-06,6310,4510,6030,5590,4160,4265,5450,6500,4600,4360,7040,5400,6450,4800,6366,7466,7494,3988,5300,7630,6550,5080.0,4040,9300,900,3900,5045,6546,2000,7296,960.0,4720,5415,4420,3040,5160,7600,5170,3720,3576,4290,4380,1800,3240,960,5150,7680,6240,3900,6600,5509,9191,5990,5539,6874,5530,6980,5600,1419,4594,4117,1313,7330,8815,3102,6930,6300,2863,1658,13880,6098,4995,617,7200,4790,7885,5245,5181,4599,4533,1784,4720,4140,4105,3060,3463,7420,4576,1510,4110,5120,2500,13910,4930,4840,2225,5847,4623,6600,3085
2020-02-07,5330,4520,5600,4360,3520,3365,6450,8100,3950,2880,5320,3680,5340,4120,5864,6922,6406,3748,3450,5130,6560,4760.0,3900,7900,600,1600,1850,5256,3500,7032,480.0,3180,3135,3980,2440,4480,7850,3200,3640,2880,5160,4410,720,1740,4320,3700,2910,6230,4800,6190,5180,8688,4824,4925,5194,5650,6900,5600,1308,4639,4636,1445,6590,9335,5282,6600,4370,3027,976,12960,4468,4458,1063,7350,5130,8437,5305,6028,4220,4637,2001,4560,4480,3995,3880,3707,6445,4634,1420,4150,5125,2480,25040,4990,5560,4300,8325,6025,4460,3240
2020-02-08,5700,5120,6870,5370,3710,4515,6950,6700,5000,3340,7240,5860,6750,4940,7614,9002,8642,5328,3850,6960,7260,4460.0,3945,9400,3300,2350,3685,7364,4800,7440,600.0,5160,5695,4800,3380,6220,9100,3670,4440,3288,4890,5760,1680,8160,1440,3500,4670,7750,4800,9185,4928,9352,6156,5869,6981,6750,7650,7100,2220,4969,4639,2141,7360,9535,6036,7290,4490,3187,1044,12090,7311,5079,1082,7750,5095,9355,5195,4644,4628,4733,2280,4748,4940,4040,5210,3803,6325,3832,1540,4360,5125,2440,10400,4835,7340,5080,6666,4321,5925,2930
2020-02-09,6680,4090,5190,4660,3650,3680,3900,6100,3350,2780,5840,4000,6420,4540,5674,7678,6854,3990,4550,5350,6030,7580.0,2845,10200,5100,4750,3800,6678,3400,7648,120.0,6020,4930,4520,2500,4060,5200,3890,4400,3612,4740,5850,3720,1560,4200,3200,5600,7090,4200,8065,4881,8694,6240,5708,7281,6370,7600,7000,2875,4764,5033,1510,7440,9725,5852,7625,7600,3251,694,9510,6724,4742,4264,6800,4565,6512,5235,5472,4359,4508,2313,5228,4300,3715,4480,3655,6535,4360,1570,4120,5150,2420,7710,4905,6240,6650,8718,3303,5315,2900
2020-02-10,5510,4000,5060,4450,3460,3405,4450,5000,4000,3120,5660,4380,5670,4100,4928,6358,5966,3046,4650,6290,5130,5740.0,2915,10100,1200,3000,4330,5758,4800,7644,2640.0,3340,3545,3740,2540,4560,6050,2910,4380,3456,5460,4320,1560,2160,3000,3550,4590,5560,2400,6285,5284,8391,6238,5727,7314,6500,7460,6600,4532,5011,5431,1810,7600,9335,6381,7755,6920,3416,466,8130,6065,5032,5962,6650,4655,6326,5350,5709,4454,4415,2341,5384,4220,3540,2950,3793,5795,3616,1460,4240,5120,2400,9090,5160,7200,3910,8614,3919,4800,2375
2020-02-11,6690,4740,6690,4980,3770,4080,5350,6400,5150,2420,5180,4080,6490,4940,6424,8728,7560,4478,4900,4630,5580,1780.0,2940,8700,3600,2950,4290,6878,6300,6840,720.0,6580,3830,4620,3060,4740,8700,4450,4800,3444,5880,6060,2520,2280,2040,3250,4770,6230,3600,7640,4768,7608,6294,5271,7671,7050,6920,7200,6972,5268,6100,1377,6770,9300,5784,6915,3200,3384,284,6625,5462,5774,5921,6600,4165,7742,5310,6440,4636,4633,2204,4976,4420,3905,2920,3675,4970,3224,1590,4280,5130,2380,3280,5140,4500,5330,8045,3041,4490,2875
2020-02-12,5870,4360,5560,4590,4140,3575,5050,4500,3700,3260,6600,4780,5690,4660,5750,7140,7168,4082,3800,5130,4760,1480.0,3085,7500,4800,4000,3410,6084,5800,6252,600.0,7220,6220,4840,2560,4500,7400,3900,4640,3624,3750,4380,3960,5400,3840,5850,4170,5460,5100,5565,4259,6495,5798,4447,7251,6570,6800,7200,9719,5312,6499,1025,5650,8630,4985,6145,2280,3250,216,4920,4256,4454,5118,5700,3650,7741,5245,3929,4075,4680,1987,5132,3900,3825,2420,3735,4725,3934,1530,4300,5135,2400,14500,4090,3360,2240,6616,3017,4015,3575
2020-02-13,7140,3920,5900,4580,3470,3335,4250,4400,2950,3080,6480,4180,6220,4180,5844,6996,6196,3274,3050,3620,4295,4600.0,2640,7300,900,4050,3240,5802,4700,6468,840.0,5700,3855,4760,2860,4540,7100,4550,4200,4116,5160,4350,1440,360,3480,2350,1630,4460,2400,5710,3996,8318,6316,4759,7910,6710,7120,7200,10031,5723,6716,834,5540,7785,3179,5985,5440,3520,1390,4650,3728,5315,5912,6050,5560,7608,5345,5522,4514,4687,1097,5100,3920,3675,2660,3618,3050,3610,1590,4170,5075,2460,26920,3450,4100,3220,8676,4375,5055,3725
2020-02-14,6680,4610,5610,4290,3730,3795,5150,6400,4450,2860,5860,4060,6060,3960,5854,7316,7302,3894,4250,3980,4940,5440.0,3435,10700,2400,3700,3595,6190,5200,6492,1320.0,4180,4170,3940,3320,4440,7600,3660,4160,3336,5190,6810,3120,4560,3360,5700,4610,7840,7800,6785,3753,8422,6805,5336,8434,5570,6790,6200,5663,4580,4880,1190,6380,6465,3799,6100,5450,4940,5120,10085,6193,4680,5318,6600,5445,7909,5375,4125,4744,4699,1558,5188,3600,4040,2810,3515,2660,4122,1600,4200,5015,2560,26180,3020,4260,1640,5990,4405,3760,3600
2020-02-15,6520,4590,5420,4840,3590,3545,4800,4500,3600,3080,6620,4620,6220,4380,6080,7684,6780,3582,5500,3120,4505,5260.0,2815,10600,4500,2800,2840,5798,3000,5688,2160.0,5020,5140,4240,2920,4240,7050,4200,4420,3218,4440,5760,4080,3480,1800,4850,3130,5110,4200,7220,4010,8813,6791,5593,8334,5610,7850,6500,4418,5015,5206,1101,7390,7065,3522,5955,4340,2950,3868,13960,8603,5663,5625,6200,5380,9526,5375,5523,3930,4850,1782,5012,3800,3870,2650,3872,2370,4498,1640,4230,5050,2640,35940,2900,4820,645,7192,3795,4820,3695
2020-02-16,6020,4140,5300,5100,3970,3900,4200,5200,4000,2680,5560,4320,6610,4480,5876,7614,7132,3916,3550,4310,4545,5060.0,3035,11100,3000,1100,4410,6178,5500,6960,1200.0,5360,3390,3600,2560,4780,7550,5400,4360,3120,4200,5730,1560,7200,2520,3500,3990,6420,4200,6205,4591,7599,5787,5128,6899,5430,7190,5800,2169,4282,4421,1146,6580,7685,2973,5800,2690,3308,1928,14495,11808,5320,5037,5650,4815,10440,5375,5219,4105,4870,1718,4948,3720,4120,2610,3455,2400,4212,1610,4320,5045,2680,18990,3270,5280,265,6111,3122,3515,3245
2020-02-17,6190,5040,7040,6170,4220,4290,6350,6800,5050,3260,5980,4800,7750,5860,6848,8730,7446,4210,3800,4250,6065,3460.0,3570,8000,3600,3900,3650,6776,4400,8112,1800.0,5640,5185,5540,3560,6240,9200,3800,4260,2892,4110,5520,2040,2520,2760,3500,5750,6630,3600,7410,5072,6893,5375,4233,6637,5910,7080,4900,1468,3834,3897,2471,5400,7495,2918,5905,6550,4693,1306,14340,7563,4278,2966,5350,4165,6821,5375,5024,4082,4765,1395,4772,3580,4170,2590,3778,2345,4520,1740,4050,5050,2680,16870,3430,4160,415,5498,1765,5770,3700
2020-02-18,6690,5860,7840,5990,5050,4640,5900,5300,4850,3380,6740,4760,8580,4760,7502,9310,8922,4804,4350,5730,6010,6260.0,2935,9000,4200,1850,2565,7912,4900,7418,1320.0,4140,4190,5500,3760,6280,7450,4440,3800,3648,3780,4530,4080,3000,2400,3400,5590,6180,2100,8925,4275,8153,5822,5603,6683,5510,7250,5800,1545,4523,4479,1333,7130,8630,1727,5705,7650,2570,1070,13875,4310,4450,767,5150,5040,9817,5375,3354,3951,4842,1251,4728,3880,4325,2770,4025,2070,4078,1650,4160,5095,2640,18410,3100,4340,1370,6829,4254,3655,3350
2020-02-19,6330,4240,6640,4950,4090,4010,5350,5200,3900,3480,5980,4780,6430,4440,6734,7218,7076,3816,2600,3630,4665,6140.0,3115,7300,3600,3800,5240,7452,3600,7572,600.0,4560,3415,4780,3140,4820,5600,3720,3620,2688,4950,4650,4560,2040,2400,2750,3030,8030,3300,7380,4644,7983,5090,5323,5584,5790,6980,6800,1495,3884,4102,1488,6750,9305,2387,5430,3870,2724,782,13135,5360,4630,1124,5150,4450,7209,5390,5042,4207,4959,1381,4904,4140,4005,2680,4146,2055,4068,1720,4410,5095,2580,17870,3065,4680,4910,7014,2256,3640,2670
2020-02-20,7620,4230,6090,5310,3630,4025,4800,6500,4300,4680,8940,6260,6980,5020,6440,7800,7630,4060,4750,5680,6280,4380.0,3540,10400,300,4150,4350,6826,3300,8248,1440.0,5700,5310,3980,2700,4840,8750,3470,4800,3420,5340,4650,1080,2880,3120,3850,6170,6190,4200,8150,5693,8484,5673,5429,6511,6420,7630,7100,2039,3898,4301,2618,6550,9680,4021,6435,4290,3110,1230,13415,8453,5481,1246,5750,4150,9859,5365,4932,4746,4846,1418,4896,4220,4390,2920,4113,2285,5298,1910,4750,5110,2500,14100,3095,3620,5300,6254,2775,3990,2960
2020-02-21,5430,4400,5370,4150,3470,3550,4200,4400,3550,3140,5660,4760,6360,4200,5254,6838,6100,3836,3100,3440,5110,5080.0,2930,9200,3300,2900,3805,5798,4300,6992,840.0,3900,3810,3560,2400,3620,5750,4130,3640,3408,4230,4230,1200,2160,1800,2950,3260,7110,4500,5825,5505,8019,6133,5459,7263,6020,7730,6900,3044,4846,5606,2139,7130,9520,4959,6025,8530,3068,716,9280,5682,4578,4345,5050,4735,8839,5365,6310,4390,4886,1869,4908,3600,4335,3130,4188,2320,4544,1650,4550,5170,2440,8410,3400,4420,6480,5977,3083,4500,2830
2020-02-22,5410,4200,5510,5010,3350,3600,4300,5200,3000,2780,5660,4160,6520,5380,5896,7404,6642,3790,3100,3610,4790,4740.0,3030,11800,4500,3100,4340,6438,4000,7320,1440.0,5720,5660,4200,2720,4300,5850,3640,4220,3156,5280,5460,3240,3720,3840,4100,7260,5870,2400,5875,5441,7502,6004,5417,7115,5870,7370,6800,4987,4929,5762,1544,6850,9515,4570,5815,6200,3108,456,7075,7343,4934,5440,4550,4490,9008,5325,6446,4387,4748,2001,4852,3780,4360,3680,4148,2225,4448,1750,4530,5195,2380,16370,3795,6000,3990,7492,3377,3190,2825
2020-02-23,6030,4640,5990,4820,3740,4140,4500,4500,3200,3220,7020,5000,7090,4640,5724,8088,7222,3488,2550,3390,4245,3800.0,2570,10400,2100,1850,3370,7096,4500,6744,1560.0,4320,4315,4200,2840,4580,7150,5300,4220,3828,6540,5850,1440,2760,1560,1900,2970,8270,5700,7935,5245,7324,6632,5532,8115,6210,7130,7200,7399,4955,5998,2335,7060,9510,3866,5160,2260,3393,360,5660,5066,5758,4599,4100,4385,9346,5160,6624,4702,4605,2096,4860,4240,4315,2990,4200,2270,4526,1920,4630,5265,2380,13710,3725,4880,2140,6490,3404,6290,2920
2020-02-24,5740,4250,5240,4170,3370,3635,4950,5500,3600,2840,6940,4940,6140,3680,6178,7428,6450,3608,3100,2880,3940,5060.0,2385,8000,3300,3300,4245,5576,2800,6336,1080.0,3780,3680,3160,2220,4340,6350,3780,4200,2846,3240,6030,1440,3600,1920,2250,5610,4970,5100,6720,4814,7102,5649,3978,7229,6430,7000,7200,10016,5198,6279,875,5050,8285,3429,4985,1600,3271,366,4270,3254,4207,4851,2800,3690,6961,5315,5122,4067,4615,2063,4984,4140,4280,2940,4335,2205,4248,1860,4860,5320,2400,10590,3355,3360,800,6480,2412,5365,2930
2020-02-25,6520,4490,5880,4980,3320,4140,4600,3900,4050,3120,7380,5900,6710,4280,7158,7262,6802,3816,2900,3540,3580,4260.0,3070,10900,1800,2900,4350,6544,4400,6252,360.0,4520,4075,4060,2320,5200,6750,3910,4640,3060,6150,4800,1800,3960,2040,2450,5190,4320,3000,7480,4238,8056,6373,4532,8126,6920,6940,7400,10063,5122,5893,948,4260,7190,2118,5585,3580,3093,1800,5085,4107,5009,4447,2900,4945,5459,5310,3241,5110,4722,2096,5104,4420,3990,3520,3946,1990,4142,1800,4850,5345,2440,18680,2970,7340,2710,7075,5702,4310,3385
2020-02-26,6080,4660,5620,4670,3750,3860,5400,4000,5200,3460,6280,4700,6680,4240,5950,7562,7472,3778,4450,3820,4500,4540.0,2915,10800,1500,5900,3025,6946,4300,6720,960.0,7360,4120,4800,2860,4980,7650,3390,4460,2964,4800,5490,2400,4320,3960,3750,2890,6770,4200,7150,4223,8270,6608,5359,8071,5710,7270,6400,6339,4643,4825,1565,6370,6985,2630,5790,5480,3198,5752,11945,3375,3601,4213,3100,5295,7697,5335,4493,5116,4840,2270,5528,4520,3935,3530,4067,1790,4502,1840,4890,5395,2520,12360,3240,2900,1585,7904,3476,3895,3350
2020-02-27,5990,4180,5700,4750,3210,3575,4750,4900,4250,4120,7040,5040,6760,4160,6986,7054,6448,4250,2300,3940,3815,2900.0,3085,9600,3600,2450,3020,6476,3700,7020,1320.0,4940,4160,4380,2980,4600,5950,4520,3860,2712,6210,6420,2520,2640,2760,2400,4280,5530,3300,6960,4267,9090,7025,5695,8603,5800,7990,6700,5120,4790,4870,885,6840,7795,2742,6190,2990,3323,3106,14335,10135,7061,4158,2800,5525,6341,5335,6892,5411,4929,1789,5128,4300,4430,3450,5029,2380,4460,1750,5060,5430,2580,3300,3415,3920,1345,7351,3947,4045,3485
2020-02-28,6750,4660,6120,4770,3870,4070,5550,4400,3950,3380,7540,5820,7390,3960,6730,8552,7000,3776,2900,4660,4970,4500.0,2705,7700,1500,2700,4250,6210,2500,6900,1080.0,4300,3280,4100,2840,4860,7050,2970,4020,3468,5940,6180,2160,2880,2640,3350,4650,7170,5600,6180,4631,7572,5953,4656,7372,5690,7090,6200,2384,3951,4088,1670,5560,8460,2739,6300,3260,3707,1346,14105,12551,4985,4101,2500,4745,9732,5340,7220,4745,5038,2162,5044,4240,4640,3720,4682,2285,3930,1900,5010,5450,2580,6510,3655,1800,1870,8265,3963,3910,3140
2020-02-29,6770,4890,6590,5900,4270,4525,4800,5100,4700,4100,8280,6420,8050,4940,6998,8612,7348,4468,3100,3480,4795,3540.0,2980,10900,3300,2850,4085,6848,4000,8090,1680.0,7000,3805,4940,3000,5340,6900,3250,3940,3132,4595,5580,2160,3960,5040,3050,4400,4720,4800,7850,5193,7592,5423,4268,6678,5880,7390,5000,1425,3824,3882,2455,5610,8400,2242,6340,5490,4889,1478,13755,6876,4797,3429,1950,4830,5830,5340,5559,4415,4905,1843,5108,3900,4945,3680,4801,2385,3670,1630,4970,5460,2540,4220,3785,2780,420,5700,1594,5045,2960
2020-03-01,6320,4930,6350,5320,4200,4590,5900,6200,4300,3820,7060,5660,8040,4740,7324,8882,8100,4106,3600,4340,5030,3840.0,3200,8700,3950,3600,5355,7814,3200,7696,1080.0,5420,4860,4420,3520,5840,8350,5520,3800,3336,5160,5160,3600,6960,3000,3700,5940,6860,4500,7000,5082,8440,5656,5481,6441,5560,7170,5600,1407,4512,4303,506,6170,8385,2688,6610,7520,2688,414,12920,3292,4140,335,2400,4825,5425,5335,8925,5326,5039,2074,5192,4920,4800,3320,4918,2450,3192,1650,4970,5500,2500,16510,3665,2180,3600,6236,3252,3245,2850
2020-03-02,5960,4370,5870,4550,3790,3955,5800,6800,3250,3740,6780,5160,6210,4660,6708,7400,6048,3678,2450,3700,4035,4080.0,3300,7900,1200,2100,4165,6588,3100,7872,840.0,5280,4275,3860,2780,5060,6800,5090,3580,3012,3660,3930,2160,2880,3960,3250,7000,8370,2400,7250,4245,8297,5570,5493,6208,5860,6840,6700,1564,4262,4065,1149,6910,8045,4433,6685,4730,2812,402,11650,5217,4318,258,2350,4555,5172,5115,5875,5261,5112,2202,5236,4580,4805,3900,4667,2575,3606,1570,4830,5555,2440,3250,4040,2860,8470,6846,2663,3150,2995
2020-03-03,6190,4590,5770,5160,3920,4050,4950,4800,3900,3640,7880,5400,6700,4060,6134,7112,6668,3868,3600,4630,4480,3620.0,2930,11200,2100,3850,4170,6462,1100,8698,840.0,5260,5445,4000,3140,5380,6600,6190,3700,3132,5880,6330,2160,4920,4320,3700,4880,6930,4800,5780,4650,8867,6222,6019,7068,6510,7680,7000,2274,4617,4861,1241,7410,7860,5659,7450,5710,3138,296,10720,6254,5146,914,2800,5150,6848,5335,7666,5414,5203,2490,5264,4840,4560,4720,4813,2065,3926,1430,4810,5580,2380,7990,4010,4440,6105,6427,3132,3620,2695
2020-03-04,5250,4300,4850,4080,3480,3400,4000,3700,3450,2700,5760,4000,6180,4360,5070,6108,5876,3432,2750,3230,3945,3820.0,2685,7500,4500,4000,3540,5264,2300,7298,600.0,4280,4620,3540,2480,4520,6050,3610,4060,2880,5550,5610,2400,2400,2760,2350,4830,5070,1800,5400,4405,8340,6307,5408,7512,6460,7510,6800,2930,5140,6173,1117,6600,7855,5445,7410,7680,3052,904,8600,5981,4802,3492,2500,5050,7767,5255,7029,5002,5181,2089,5368,5200,4500,4080,4643,2275,3760,1490,4720,5590,2320,490,4005,4040,9650,7166,4078,4515,2950
2020-03-05,5910,4600,6770,5070,3160,3955,4000,5100,3700,2960,8020,5560,7240,4580,6500,7182,6134,3382,2250,4180,4255,4880.0,2900,8700,3300,3450,4775,6752,5000,7572,1320.0,4960,4225,4480,2720,4780,7350,4410,3900,3744,3990,5430,2040,6840,3120,2400,5670,6150,5100,7045,4840,8491,6294,5400,7475,6360,7110,6900,4684,4973,5884,1449,6260,7975,6081,7255,4860,3052,1384,7795,4577,5239,4608,2850,5070,8725,5350,7137,5013,5097,2721,5280,4280,4605,4670,5489,2445,3950,1640,4740,5610,2280,5210,4065,3980,7240,7266,3324,5030,2890
2020-03-06,6430,4990,6460,4610,4070,4310,4500,5200,3750,3760,7380,5740,6610,3860,6796,8332,6864,4118,1900,3920,4190,2800.0,3165,6600,900,5450,6285,6704,1800,8604,1320.0,5420,5320,4760,3040,5040,7350,4970,3920,2544,6210,4650,2280,3720,4800,2400,6690,7220,5100,7420,4173,8274,7149,5145,8992,6530,7310,7100,7802,5222,5856,1759,6650,8315,5192,6460,5920,3345,974,6550,4454,5597,5440,2850,5175,9305,4750,4211,5129,4927,2594,5428,4500,4410,4380,4929,2235,3830,1710,4590,5650,2260,4270,5120,4980,9460,4958,3035,6440,3040
2020-03-07,5950,4440,5650,4650,3420,3905,3850,4300,3200,3340,7120,5540,6830,4460,6024,6824,6300,3652,4050,4360,3110,3640.0,1565,6900,5400,6650,3580,6710,4250,7656,2280.0,5600,3695,4240,2540,4860,6550,5080,3780,3120,3540,4410,1560,3720,1680,3150,6930,4990,3600,6730,4039,7898,6243,3605,8266,6840,7040,7300,10375,5242,5899,758,3730,7155,3426,6035,2260,3026,782,4800,3897,3842,5133,2400,4870,9243,5225,7499,4414,4928,2473,5624,4420,4350,4460,4775,2345,3920,1760,4670,5670,2280,2900,5775,3260,7470,5515,3890,4075,2945
2020-03-08,5060,4820,6140,5070,3810,4190,4350,5700,3550,2920,7240,4940,7400,4640,6364,7982,7920,3856,1650,2910,4240,4100.0,3155,8500,1200,3050,3135,7204,2600,7716,1440.0,6000,4630,4540,2660,5460,6650,4290,3040,3264,5190,7500,1080,2880,2400,2500,3020,8370,4200,8050,3689,8362,6197,4316,7841,7110,7020,7300,9885,4980,5293,914,3770,6630,3187,6745,4400,2905,2338,5900,4905,5140,5417,2800,5160,6033,5295,5713,5216,4755,2572,5544,4520,4595,3660,4661,2200,4002,1950,4770,5690,2360,12960,5670,4420,7020,5328,3696,3995,3650
2020-03-09,5400,4330,5450,4670,2950,3945,4100,3200,3700,3240,6760,5600,6550,3660,5840,7812,6784,3334,1350,2910,2970,4100,2170,8700,600,3650,4280,6102,2200,7044,2600,4060,5775,3620,2340,4700,5500,4470,3180,2616,5165,5070,1800,2880,3480,3100,6660,4750,3900,5410,3636,8602,6965,4969,8759,5860,7120,6600,6286,4692,4687,1392,5820,7045,4627,6655,5520,3114,7048,14095,3596,5081,5694,2900,5425,5209,5295,6854,4544,4855,2495,5708,4440,4340,3730,4453,1930,4178,1860,5020,5650,2480,30810,5640,5660,8210,6815,2921,4675,3995
