Messpunkt,Differenzdruck,Durchfluss,Durchfluss_unkorrigiert,Poti_Wert,Vorschub,Durchmesser,Abtastung,Zeit,RUL
1,0,20.2512619381938,12.4632,15,3,19,10,0.1,76.3
2,0,58.8974532661141,38.36594,15,3,19,10,0.2,76.2
3,0,72.6015267656674,48.1072,15,3,19,10,0.3,76.1
4,0,78.3008650885613,52.13833,15,3,19,10,0.4,76
5,0,80.2788622746205,53.77296,15,3,19,10,0.5,75.9
6,0,80.6227221862883,54.06883,15,3,19,10,0.6,75.8
7,0.1808449,80.5109651000478,53.97267,15,3,19,10,0.7,75.7
8,1.537182,80.4593983163905,53.9283,15,3,19,10,0.8,75.6
9,4.79239,81.0944677943284,54.47564,15,3,19,10,0.9,75.5
10,6.058305,81.0606556912098,54.44606,15,3,19,10,1,75.4
11,6.058305,81.6524818030985,54.96381,15,3,19,10,1.1,75.3
12,8.499711,80.8720139396015,54.28333,15,3,19,10,1.2,75.2
13,7.866754,81.2720213432607,54.63097,15,3,19,10,1.3,75.1
14,6.058305,80.5797440555773,54.03185,15,3,19,10,1.4,75
15,6.600839,80.923592345252,54.32771,15,3,19,10,1.5,74.9
16,6.600839,81.3311982390839,54.68274,15,3,19,10,1.6,74.8
17,6.691262,80.5883327085236,54.03924,15,3,19,10,1.7,74.7
18,7.957176,80.2616733467347,53.75817,15,3,19,10,1.8,74.6
19,7.957176,80.6227221862883,54.06883,15,3,19,10,1.9,74.5
20,11.21238,80.6829008668783,54.12061,15,3,19,10,2,74.4
21,10.03689,81.0352908985052,54.42387,15,3,19,10,2.1,74.3
22,11.84534,81.4495748921929,54.7863,15,3,19,10,2.2,74.2
23,8.047599,81.0352908985052,54.42387,15,3,19,10,2.3,74.1
24,8.138021,80.9923596787883,54.38688,15,3,19,10,2.4,74
25,10.03689,81.6102109588346,54.92683,15,3,19,10,2.5,73.9
26,11.6645,81.6186696999799,54.93423,15,3,19,10,2.6,73.8
27,11.48365,80.863413664662,54.27593,15,3,19,10,2.7,73.7
28,10.03689,80.9579818230167,54.3573,15,3,19,10,2.8,73.6
29,11.21238,81.0944677943284,54.47564,15,3,19,10,2.9,73.5
30,11.84534,81.1451973797377,54.52002,15,3,19,10,3,73.4
31,11.84534,80.6141219113489,54.06143,15,3,19,10,3.1,73.3
32,12.11661,80.6657003169994,54.10581,15,3,19,10,3.2,73.2
33,13.11126,81.3988453067837,54.74192,15,3,19,10,3.3,73.1
34,13.74421,80.553954852752,54.00966,15,3,19,10,3.4,73
35,13.11126,80.9751707509025,54.37209,15,3,19,10,3.5,72.9
36,11.39323,81.2973861359653,54.65316,15,3,19,10,3.6,72.8
37,11.84534,81.3311982390839,54.68274,15,3,19,10,3.7,72.7
38,15.01013,80.923592345252,54.32771,15,3,19,10,3.8,72.6
39,13.74421,80.9493815480772,54.3499,15,3,19,10,3.9,72.5
40,13.74421,81.458022202607,54.79369,15,3,19,10,4,72.4
41,13.11126,81.3481157213745,54.69754,15,3,19,10,4.1,72.3
42,13.11126,81.0352908985052,54.42387,15,3,19,10,4.2,72.2
43,13.74421,80.9837710258419,54.37949,15,3,19,10,4.3,72.1
44,13.74421,81.5341165807208,54.86026,15,3,19,10,4.4,72
45,13.74421,81.2297390682655,54.59398,15,3,19,10,4.5,71.9
46,13.74421,80.6227221862883,54.06883,15,3,19,10,4.6,71.8
47,16.27604,81.1282913281783,54.50523,15,3,19,10,4.7,71.7
48,15.01013,81.119832587033,54.49783,15,3,19,10,4.8,71.6
49,15.01013,81.0521969500645,54.43866,15,3,19,10,4.9,71.5
50,15.01013,81.407304047929,54.74932,15,3,19,10,5,71.4
51,15.01013,81.3058334463793,54.66055,15,3,19,10,5.1,71.3
52,13.74421,81.119832587033,54.49783,15,3,19,10,5.2,71.2
53,13.74421,81.3396569802292,54.69014,15,3,19,10,5.3,71.1
54,16.909,81.2973861359653,54.65316,15,3,19,10,5.4,71
55,16.27604,81.2720213432607,54.63097,15,3,19,10,5.5,70.9
56,15.46224,81.5341165807208,54.86026,15,3,19,10,5.6,70.8
57,14.55802,81.3903865656385,54.73452,15,3,19,10,5.7,70.7
58,13.11126,81.4411161510477,54.7789,15,3,19,10,5.8,70.6
59,13.11126,81.3650217729338,54.71233,15,3,19,10,5.9,70.5
60,13.47295,81.407304047929,54.74932,15,3,19,10,6,70.4
61,13.2921,81.5341165807208,54.86026,15,3,19,10,6.1,70.3
62,11.75492,81.753940973917,55.05257,15,3,19,10,6.2,70.2
63,11.84534,81.6609405442438,54.97121,15,3,19,10,6.3,70.1
64,11.84534,81.3396569802292,54.69014,15,3,19,10,6.4,70
65,13.11126,81.3734805140791,54.71973,15,3,19,10,6.5,69.9
66,15.01013,81.3565630317885,54.70493,15,3,19,10,6.6,69.8
67,11.84534,81.1874682240016,54.557,15,3,19,10,6.7,69.7
68,11.84534,81.5510226322801,54.87505,15,3,19,10,6.8,69.6
69,13.74421,80.906391795373,54.31291,15,3,19,10,6.9,69.5
70,13.74421,80.7774574032399,54.20197,15,3,19,10,7,69.4
71,13.74421,81.3734805140791,54.71973,15,3,19,10,7.1,69.3
72,16.27604,81.0437382089192,54.43126,15,3,19,10,7.2,69.2
73,13.74421,81.0521969500645,54.43866,15,3,19,10,7.3,69.1
74,15.01013,81.4326574099023,54.7715,15,3,19,10,7.4,69
75,16.909,80.8978031424267,54.30552,15,3,19,10,7.5,68.9
76,18.17491,81.6440344926845,54.95642,15,3,19,10,7.6,68.8
77,18.17491,81.9399418332632,55.21529,15,3,19,10,7.7,68.7
78,16.909,81.3481157213745,54.69754,15,3,19,10,7.8,68.6
79,16.909,81.9484005744085,55.22269,15,3,19,10,7.9,68.5
80,16.909,81.3819392552244,54.72713,15,3,19,10,8,68.4
81,15.73351,81.1705621724423,54.54221,15,3,19,10,8.1,68.3
82,15.28139,81.593293476544,54.91203,15,3,19,10,8.2,68.2
83,16.27604,81.5510226322801,54.87505,15,3,19,10,8.3,68.1
84,18.80787,81.28892739482,54.64576,15,3,19,10,8.4,68
85,18.80787,81.9822241082584,55.25228,15,3,19,10,8.5,67.9
86,18.62703,82.007588900963,55.27447,15,3,19,10,8.6,67.8
87,18.17491,81.1959269651469,54.5644,15,3,19,10,8.7,67.7
88,18.17491,81.0521969500645,54.43866,15,3,19,10,8.8,67.6
89,18.17491,81.2043742755609,54.57179,15,3,19,10,8.9,67.5
90,16.27604,81.1367386385924,54.51262,15,3,19,10,9,67.4
91,18.17491,81.2381978094108,54.60138,15,3,19,10,9.1,67.3
92,18.17491,81.3227509286699,54.67535,15,3,19,10,9.2,67.2
93,18.80787,81.2297390682655,54.59398,15,3,19,10,9.3,67.1
94,20.07379,81.28892739482,54.64576,15,3,19,10,9.4,67
95,18.17491,81.7201288707983,55.02299,15,3,19,10,9.5,66.9
96,18.17491,81.1113738458878,54.49043,15,3,19,10,9.6,66.8
97,18.17491,81.5763874249847,54.89724,15,3,19,10,9.7,66.7
98,18.80787,81.3481157213745,54.69754,15,3,19,10,9.8,66.6
99,18.26534,80.7860576781794,54.20937,15,3,19,10,9.9,66.5
100,16.909,81.2381978094108,54.60138,15,3,19,10,10,66.4
101,16.27604,80.8548250117157,54.26854,15,3,19,10,10.1,66.3
102,16.909,81.0352908985052,54.42387,15,3,19,10,10.2,66.2
103,17.81322,80.8720139396015,54.28333,15,3,19,10,10.3,66.1
104,18.17491,81.6609405442438,54.97121,15,3,19,10,10.4,66
105,18.08449,81.5172105291615,54.84547,15,3,19,10,10.5,65.9
106,18.17491,81.415751358343,54.75671,15,3,19,10,10.6,65.8
107,19.80252,81.8554001447354,55.14133,15,3,19,10,10.7,65.7
108,20.5259,81.5341165807208,54.86026,15,3,19,10,10.8,65.6
109,21.24928,81.9906714186724,55.25967,15,3,19,10,10.9,65.5
110,20.07379,81.4833869953116,54.81588,15,3,19,10,11,65.4
111,19.98336,81.9906714186724,55.25967,15,3,19,10,11.1,65.3
112,21.24928,81.8131293004715,55.10435,15,3,19,10,11.2,65.2
113,21.24928,81.8215766108855,55.11174,15,3,19,10,11.3,65.1
114,21.24928,81.5002930468709,54.83067,15,3,19,10,11.4,65
115,21.24928,81.0775617427691,54.46085,15,3,19,10,11.5,64.9
116,21.24928,80.9923596787883,54.38688,15,3,19,10,11.6,64.8
117,21.24928,81.8976709889993,55.17831,15,3,19,10,11.7,64.7
118,21.24928,81.5594813734254,54.88245,15,3,19,10,11.8,64.6
119,18.80787,81.2297390682655,54.59398,15,3,19,10,11.9,64.5
120,20.07379,81.1959269651469,54.5644,15,3,19,10,12,64.4
121,20.07379,80.9493815480772,54.3499,15,3,19,10,12.1,64.3
122,18.80787,81.8131293004715,55.10435,15,3,19,10,12.2,64.2
123,18.08449,81.6863053369484,54.9934,15,3,19,10,12.3,64.1
124,18.80787,80.9837710258419,54.37949,15,3,19,10,12.4,64
125,20.07379,80.9321926201914,54.33511,15,3,19,10,12.5,63.9
126,21.24928,80.8548250117157,54.26854,15,3,19,10,12.6,63.8
127,20.07379,81.28892739482,54.64576,15,3,19,10,12.7,63.7
128,21.06843,81.6355757515392,54.94902,15,3,19,10,12.8,63.6
129,21.52054,81.1451973797377,54.52002,15,3,19,10,12.9,63.5
130,21.97266,81.7285761812124,55.03038,15,3,19,10,13,63.4
131,21.24928,82.4134141535055,55.6295,15,3,19,10,13.1,63.3
132,21.79181,81.9230357817039,55.2005,15,3,19,10,13.2,63.2
133,21.88223,82.1513189160454,55.40021,15,3,19,10,13.3,63.1
134,21.88223,81.6947640780937,55.0008,15,3,19,10,13.4,63
135,21.24928,81.593293476544,54.91203,15,3,19,10,13.5,62.9
136,19.98336,81.2381978094108,54.60138,15,3,19,10,13.6,62.8
137,19.98336,81.3903865656385,54.73452,15,3,19,10,13.7,62.7
138,21.24928,81.2381978094108,54.60138,15,3,19,10,13.8,62.6
139,21.24928,81.3734805140791,54.71973,15,3,19,10,13.9,62.5
140,19.98336,81.6355757515392,54.94902,15,3,19,10,14,62.4
141,21.24928,80.9579818230167,54.3573,15,3,19,10,14.1,62.3
142,21.88223,81.0009599537277,54.39428,15,3,19,10,14.2,62.2
143,21.88223,82.007588900963,55.27447,15,3,19,10,14.3,62.1
144,23.23857,82.0244949525224,55.28926,15,3,19,10,14.4,62
145,23.87153,81.4918457364569,54.82328,15,3,19,10,14.5,61.9
146,23.78111,81.5594813734254,54.88245,15,3,19,10,14.6,61.8
147,23.87153,80.6915011418178,54.12801,15,3,19,10,14.7,61.7
148,23.87153,81.2381978094108,54.60138,15,3,19,10,14.8,61.6
149,23.23857,81.0437382089192,54.43126,15,3,19,10,14.9,61.5
150,23.87153,81.0944677943284,54.47564,15,3,19,10,15,61.4
151,23.87153,81.4495748921929,54.7863,15,3,19,10,15.1,61.3
152,23.87153,81.415751358343,54.75671,15,3,19,10,15.2,61.2
153,23.87153,81.6271170103939,54.94162,15,3,19,10,15.3,61.1
154,24.32364,81.3227509286699,54.67535,15,3,19,10,15.4,61
155,27.03631,80.5625435056983,54.01705,15,3,19,10,15.5,60.9
156,28.30223,81.2635626021154,54.62357,15,3,19,10,15.6,60.8
157,27.21716,81.3734805140791,54.71973,15,3,19,10,15.7,60.7
158,27.85012,80.9751707509025,54.37209,15,3,19,10,15.8,60.6
159,28.84476,81.8976709889993,55.17831,15,3,19,10,15.9,60.5
160,28.84476,81.3819392552244,54.72713,15,3,19,10,16,60.4
161,28.21181,81.6440344926845,54.95642,15,3,19,10,16.1,60.3
162,28.84476,81.3565630317885,54.70493,15,3,19,10,16.2,60.2
163,28.93518,81.0775617427691,54.46085,15,3,19,10,16.3,60.1
164,30.11068,81.28892739482,54.64576,15,3,19,10,16.4,60
165,30.11068,81.4833869953116,54.81588,15,3,19,10,16.5,59.9
166,32.00955,82.1513189160454,55.40021,15,3,19,10,16.6,59.8
167,31.37659,81.6102109588346,54.92683,15,3,19,10,16.7,59.7
168,28.84476,80.8376244618367,54.25374,15,3,19,10,16.8,59.6
169,28.84476,80.7344792725288,54.16499,15,3,19,10,16.9,59.5
170,26.94589,81.407304047929,54.74932,15,3,19,10,17,59.4
171,28.21181,81.4495748921929,54.7863,15,3,19,10,17.1,59.3
172,27.03631,81.2466565505561,54.60878,15,3,19,10,17.2,59.2
173,27.03631,81.0606556912098,54.44606,15,3,19,10,17.3,59.1
174,28.30223,81.3311982390839,54.68274,15,3,19,10,17.4,59
175,28.21181,81.2973861359653,54.65316,15,3,19,10,17.5,58.9
176,28.21181,81.5256578395755,54.85286,15,3,19,10,17.6,58.8
177,28.84476,81.0944677943284,54.47564,15,3,19,10,17.7,58.7
178,32.46166,81.4242100994883,54.76411,15,3,19,10,17.8,58.6
179,31.37659,81.6524818030985,54.96381,15,3,19,10,17.9,58.5
180,30.11068,81.5510226322801,54.87505,15,3,19,10,18,58.4
181,30.2011,81.8638588858807,55.14873,15,3,19,10,18.1,58.3
182,29.11603,81.3311982390839,54.68274,15,3,19,10,18.2,58.2
183,28.5735,81.4918457364569,54.82328,15,3,19,10,18.3,58.1
184,28.21181,81.1959269651469,54.5644,15,3,19,10,18.4,58
185,28.75434,81.4918457364569,54.82328,15,3,19,10,18.5,57.9
186,28.12138,80.717290344643,54.1502,15,3,19,10,18.6,57.8
187,30.2011,81.1959269651469,54.5644,15,3,19,10,18.7,57.7
188,30.11068,81.6524818030985,54.96381,15,3,19,10,18.8,57.6
189,28.84476,81.5594813734254,54.88245,15,3,19,10,18.9,57.5
190,30.11068,81.1113738458878,54.49043,15,3,19,10,19,57.4
191,32.00955,81.2297390682655,54.59398,15,3,19,10,19.1,57.3
192,31.91912,81.2212917578515,54.58659,15,3,19,10,19.2,57.2
193,31.91912,81.458022202607,54.79369,15,3,19,10,19.3,57.1
194,31.91912,81.8554001447354,55.14133,15,3,19,10,19.4,57
195,32.00955,82.3204251545636,55.54815,15,3,19,10,19.5,56.9
196,33.27546,81.6863053369484,54.9934,15,3,19,10,19.6,56.8
197,31.37659,82.185131019164,55.42979,15,3,19,10,19.7,56.7
198,33.27546,81.58484616613,54.90464,15,3,19,10,19.8,56.6
199,33.818,81.5510226322801,54.87505,15,3,19,10,19.9,56.5
200,36.80194,81.4918457364569,54.82328,15,3,19,10,20,56.4
201,34.90307,81.5594813734254,54.88245,15,3,19,10,20.1,56.3
202,33.18504,81.88076493744,55.16352,15,3,19,10,20.2,56.2
203,33.90842,81.58484616613,54.90464,15,3,19,10,20.3,56.1
204,33.90842,81.9061297301446,55.18571,15,3,19,10,20.4,56
205,35.26476,81.4495748921929,54.7863,15,3,19,10,20.5,55.9
206,36.34983,81.5679286838394,54.88984,15,3,19,10,20.6,55.8
207,36.34983,82.1344128644861,55.38542,15,3,19,10,20.7,55.7
208,38.2487,82.0160362113771,55.28186,15,3,19,10,20.8,55.6
209,38.2487,81.8131293004715,55.10435,15,3,19,10,20.9,55.5
210,36.98278,81.5087517880162,54.83807,15,3,19,10,21,55.4
211,38.88166,80.966570475963,54.36469,15,3,19,10,21.1,55.3
212,38.88166,81.5256578395755,54.85286,15,3,19,10,21.2,55.2
213,38.2487,81.153656120883,54.52742,15,3,19,10,21.3,55.1
214,36.98278,81.6017522176893,54.91943,15,3,19,10,21.4,55
215,36.98278,81.1282913281783,54.50523,15,3,19,10,21.5,54.9
216,36.98278,81.3650217729338,54.71233,15,3,19,10,21.6,54.8
217,38.88166,81.2466565505561,54.60878,15,3,19,10,21.7,54.7
218,38.97208,81.9145770405586,55.1931,15,3,19,10,21.8,54.6
219,40.14757,81.5679286838394,54.88984,15,3,19,10,21.9,54.5
220,40.14757,80.8376244618367,54.25374,15,3,19,10,22,54.4
221,40.14757,81.889212247854,55.17091,15,3,19,10,22.1,54.3
222,40.14757,81.4242100994883,54.76411,15,3,19,10,22.2,54.2
223,40.14757,81.153656120883,54.52742,15,3,19,10,22.3,54.1
224,40.14757,81.0860204839144,54.46825,15,3,19,10,22.4,54
225,40.14757,81.6355757515392,54.94902,15,3,19,10,22.5,53.9
226,39.51461,81.6186696999799,54.93423,15,3,19,10,22.6,53.8
227,38.88166,81.889212247854,55.17091,15,3,19,10,22.7,53.7
228,38.88166,81.9484005744085,55.22269,15,3,19,10,22.8,53.6
229,41.23264,81.5679286838394,54.88984,15,3,19,10,22.9,53.5
230,41.68475,81.6440344926845,54.95642,15,3,19,10,23,53.4
231,42.13687,81.1113738458878,54.49043,15,3,19,10,23.1,53.3
232,43.22193,81.5763874249847,54.89724,15,3,19,10,23.2,53.2
233,43.31235,81.1113738458878,54.49043,15,3,19,10,23.3,53.1
234,43.31235,81.4749396848976,54.80849,15,3,19,10,23.4,53
235,41.68475,81.4242100994883,54.76411,15,3,19,10,23.5,52.9
236,40.05715,81.3142921875246,54.66795,15,3,19,10,23.6,52.8
237,38.79123,81.2635626021154,54.62357,15,3,19,10,23.7,52.7
238,41.95602,81.3734805140791,54.71973,15,3,19,10,23.8,52.6
239,38.88166,81.7370349223577,55.03778,15,3,19,10,23.9,52.5
240,42.04644,81.5594813734254,54.88245,15,3,19,10,24,52.4
241,43.31235,81.9906714186724,55.25967,15,3,19,10,24.1,52.3
242,43.94531,81.8469414035901,55.13393,15,3,19,10,24.2,52.2
243,43.22193,81.6440344926845,54.95642,15,3,19,10,24.3,52.1
244,43.85489,80.8462247367762,54.26114,15,3,19,10,24.4,52
245,45.1208,81.6693992853891,54.97861,15,3,19,10,24.5,51.9
246,47.01968,81.4411161510477,54.7789,15,3,19,10,24.6,51.8
247,48.37601,81.1029265354737,54.48304,15,3,19,10,24.7,51.7
248,48.37601,81.745493663503,55.04518,15,3,19,10,24.8,51.6
249,48.37601,81.6863053369484,54.9934,15,3,19,10,24.9,51.5
250,48.37601,81.8384940931761,55.12654,15,3,19,10,25,51.4
251,48.91855,81.153656120883,54.52742,15,3,19,10,25.1,51.3
252,50.18446,80.8892028674872,54.29812,15,3,19,10,25.2,51.2
253,48.91855,81.5594813734254,54.88245,15,3,19,10,25.3,51.1
254,48.37601,81.8046705593262,55.09695,15,3,19,10,25.4,51
255,47.65263,81.6271170103939,54.94162,15,3,19,10,25.5,50.9
256,47.1101,81.3819392552244,54.72713,15,3,19,10,25.6,50.8
257,46.92925,81.5425753218661,54.86766,15,3,19,10,25.7,50.7
258,46.47714,81.28892739482,54.64576,15,3,19,10,25.8,50.6
259,44.57827,81.28892739482,54.64576,15,3,19,10,25.9,50.5
260,45.39207,81.4326574099023,54.7715,15,3,19,10,26,50.4
261,47.01968,81.3565630317885,54.70493,15,3,19,10,26.1,50.3
262,47.01968,81.415751358343,54.75671,15,3,19,10,26.2,50.2
263,47.1101,81.6778465958031,54.986,15,3,19,10,26.3,50.1
264,49.00897,81.4749396848976,54.80849,15,3,19,10,26.4,50
265,50.27488,82.007588900963,55.27447,15,3,19,10,26.5,49.9
266,51.5408,82.1259541233408,55.37802,15,3,19,10,26.6,49.8
267,51.99291,81.415751358343,54.75671,15,3,19,10,26.7,49.7
268,50.18446,80.9751707509025,54.37209,15,3,19,10,26.8,49.6
269,48.28559,81.1282913281783,54.50523,15,3,19,10,26.9,49.5
270,48.91855,81.593293476544,54.91203,15,3,19,10,27,49.4
271,43.94531,81.0437382089192,54.43126,15,3,19,10,27.1,49.3
272,43.94531,81.4833869953116,54.81588,15,3,19,10,27.2,49.2
273,45.21123,81.9484005744085,55.22269,15,3,19,10,27.3,49.1
274,42.04644,81.593293476544,54.91203,15,3,19,10,27.4,49
275,41.95602,81.2804686536747,54.63836,15,3,19,10,27.5,48.9
276,43.85489,81.3481157213745,54.69754,15,3,19,10,27.6,48.8
277,46.38672,81.415751358343,54.75671,15,3,19,10,27.7,48.7
278,43.94531,81.0775617427691,54.46085,15,3,19,10,27.8,48.6
279,45.1208,81.162103431297,54.53481,15,3,19,10,27.9,48.5
280,46.2963,81.458022202607,54.79369,15,3,19,10,28,48.4
281,47.38137,81.753940973917,55.05257,15,3,19,10,28.1,48.3
282,49.00897,81.5679286838394,54.88984,15,3,19,10,28.2,48.2
283,53.89178,81.2212917578515,54.58659,15,3,19,10,28.3,48.1
284,53.9822,81.88076493744,55.16352,15,3,19,10,28.4,48
285,54.16305,81.7201288707983,55.02299,15,3,19,10,28.5,47.9
286,55.24812,81.4326574099023,54.7715,15,3,19,10,28.6,47.8
287,57.14699,81.3396569802292,54.69014,15,3,19,10,28.7,47.7
288,57.14699,80.6313224612278,54.07623,15,3,19,10,28.8,47.6
289,58.41291,81.0944677943284,54.47564,15,3,19,10,28.9,47.5
290,58.41291,80.8462247367762,54.26114,15,3,19,10,29,47.4
291,57.05657,81.8723061962947,55.15612,15,3,19,10,29.1,47.3
292,55.24812,82.2527666561326,55.48896,15,3,19,10,29.2,47.2
293,55.88108,81.2381978094108,54.60138,15,3,19,10,29.3,47.1
294,57.14699,81.0181488816135,54.40907,15,3,19,10,29.4,47
295,58.41291,81.3565630317885,54.70493,15,3,19,10,29.5,46.9
296,58.41291,81.2212917578515,54.58659,15,3,19,10,29.6,46.8
297,58.41291,81.4749396848976,54.80849,15,3,19,10,29.7,46.7
298,56.51403,80.717290344643,54.1502,15,3,19,10,29.8,46.6
299,55.79066,81.2973861359653,54.65316,15,3,19,10,29.9,46.5
300,58.41291,81.3142921875246,54.66795,15,3,19,10,30,46.4
301,58.41291,81.4749396848976,54.80849,15,3,19,10,30.1,46.3
302,58.86502,81.6186696999799,54.93423,15,3,19,10,30.2,46.2
303,59.67882,81.6778465958031,54.986,15,3,19,10,30.3,46.1
304,60.94473,81.6186696999799,54.93423,15,3,19,10,30.4,46
305,60.31178,81.6863053369484,54.9934,15,3,19,10,30.5,45.9
306,62.0298,81.6693992853891,54.97861,15,3,19,10,30.6,45.8
307,58.50333,81.4242100994883,54.76411,15,3,19,10,30.7,45.7
308,58.95544,81.4918457364569,54.82328,15,3,19,10,30.8,45.6
309,60.85431,81.9061297301446,55.18571,15,3,19,10,30.9,45.5
310,60.94473,81.9822241082584,55.25228,15,3,19,10,31,45.4
311,60.85431,81.745493663503,55.04518,15,3,19,10,31.1,45.3
312,58.32248,81.6186696999799,54.93423,15,3,19,10,31.2,45.2
313,57.14699,81.4664809437523,54.80109,15,3,19,10,31.3,45.1
314,59.04586,81.5341165807208,54.86026,15,3,19,10,31.4,45
315,60.85431,81.0521969500645,54.43866,15,3,19,10,31.5,44.9
316,60.31178,81.8384940931761,55.12654,15,3,19,10,31.6,44.8
317,60.94473,81.9822241082584,55.25228,15,3,19,10,31.7,44.7
318,62.12023,81.5087517880162,54.83807,15,3,19,10,31.8,44.6
319,60.31178,80.9923596787883,54.38688,15,3,19,10,31.9,44.5
320,60.94473,81.153656120883,54.52742,15,3,19,10,32,44.4
321,65.91797,81.3311982390839,54.68274,15,3,19,10,32.1,44.3
322,60.94473,81.8215766108855,55.11174,15,3,19,10,32.2,44.2
323,63.92867,81.4664809437523,54.80109,15,3,19,10,32.3,44.1
324,63.38614,81.7370349223577,55.03778,15,3,19,10,32.4,44
325,65.91797,81.4326574099023,54.7715,15,3,19,10,32.5,43.9
326,65.91797,81.415751358343,54.75671,15,3,19,10,32.6,43.8
327,65.91797,80.8376244618367,54.25374,15,3,19,10,32.7,43.7
328,65.91797,81.2212917578515,54.58659,15,3,19,10,32.8,43.6
329,65.91797,81.2212917578515,54.58659,15,3,19,10,32.9,43.5
330,68.99233,80.7602684753541,54.18718,15,3,19,10,33,43.4
331,73.60387,80.5023764471015,53.96528,15,3,19,10,33.1,43.3
332,74.05599,81.6609405442438,54.97121,15,3,19,10,33.2,43.2
333,74.05599,81.4918457364569,54.82328,15,3,19,10,33.3,43.1
334,73.87514,81.5087517880162,54.83807,15,3,19,10,33.4,43
335,74.05599,81.5679286838394,54.88984,15,3,19,10,33.5,42.9
336,74.05599,81.889212247854,55.17091,15,3,19,10,33.6,42.8
337,75.32191,81.7877645077669,55.08216,15,3,19,10,33.7,42.7
338,75.32191,81.5510226322801,54.87505,15,3,19,10,33.8,42.6
339,77.13036,81.5594813734254,54.88245,15,3,19,10,33.9,42.5
340,78.48669,81.28892739482,54.64576,15,3,19,10,34,42.4
341,78.48669,81.3311982390839,54.68274,15,3,19,10,34.1,42.3
342,78.48669,81.0352908985052,54.42387,15,3,19,10,34.2,42.2
343,75.95486,81.2297390682655,54.59398,15,3,19,10,34.3,42.1
344,77.22077,81.3734805140791,54.71973,15,3,19,10,34.4,42
345,78.48669,81.7962118181809,55.08955,15,3,19,10,34.5,41.9
346,78.48669,81.5510226322801,54.87505,15,3,19,10,34.6,41.8
347,78.48669,81.6693992853891,54.97861,15,3,19,10,34.7,41.7
348,79.11964,81.4664809437523,54.80109,15,3,19,10,34.8,41.6
349,79.11964,81.593293476544,54.91203,15,3,19,10,34.9,41.5
350,77.22077,81.4749396848976,54.80849,15,3,19,10,35,41.4
351,77.22077,81.6947640780937,55.0008,15,3,19,10,35.1,41.3
352,78.125,81.5763874249847,54.89724,15,3,19,10,35.2,41.2
353,77.49204,81.5341165807208,54.86026,15,3,19,10,35.3,41.1
354,75.95486,81.2804686536747,54.63836,15,3,19,10,35.4,41
355,80.38556,81.8046705593262,55.09695,15,3,19,10,35.5,40.9
356,80.38556,81.5087517880162,54.83807,15,3,19,10,35.6,40.8
357,80.38556,81.4495748921929,54.7863,15,3,19,10,35.7,40.7
358,80.38556,82.0667772275175,55.32625,15,3,19,10,35.8,40.6
359,80.38556,81.9399418332632,55.21529,15,3,19,10,35.9,40.5
360,80.92809,81.745493663503,55.04518,15,3,19,10,36,40.4
361,80.92809,81.1959269651469,54.5644,15,3,19,10,36.1,40.3
362,80.38556,81.7370349223577,55.03778,15,3,19,10,36.2,40.2
363,80.29514,81.9061297301446,55.18571,15,3,19,10,36.3,40.1
364,80.38556,81.4326574099023,54.7715,15,3,19,10,36.4,40
365,82.19402,81.88076493744,55.16352,15,3,19,10,36.5,39.9
366,83.45992,81.162103431297,54.53481,15,3,19,10,36.6,39.8
367,80.92809,81.0095602286672,54.40168,15,3,19,10,36.7,39.7
368,80.92809,81.6355757515392,54.94902,15,3,19,10,36.8,39.6
369,82.19402,81.5087517880162,54.83807,15,3,19,10,36.9,39.5
370,83.45992,81.4326574099023,54.7715,15,3,19,10,37,39.4
371,83.45992,81.7116701296531,55.01559,15,3,19,10,37.1,39.3
372,85.3588,81.5425753218661,54.86766,15,3,19,10,37.2,39.2
373,83.45992,81.5679286838394,54.88984,15,3,19,10,37.3,39.1
374,83.45992,81.458022202607,54.79369,15,3,19,10,37.4,39
375,82.19402,81.6186696999799,54.93423,15,3,19,10,37.5,38.9
376,82.19402,81.162103431297,54.53481,15,3,19,10,37.6,38.8
377,83.18866,81.9399418332632,55.21529,15,3,19,10,37.7,38.7
378,82.5557,81.8215766108855,55.11174,15,3,19,10,37.8,38.6
379,83.45992,81.9484005744085,55.22269,15,3,19,10,37.9,38.5
380,83.45992,81.4749396848976,54.80849,15,3,19,10,38,38.4
381,83.91203,81.2804686536747,54.63836,15,3,19,10,38.1,38.3
382,84.545,81.3227509286699,54.67535,15,3,19,10,38.2,38.2
383,85.3588,81.7623997150623,55.05997,15,3,19,10,38.3,38.1
384,85.99175,82.2696841384231,55.50376,15,3,19,10,38.4,38
385,85.99175,81.6186696999799,54.93423,15,3,19,10,38.5,37.9
386,82.19402,81.8131293004715,55.10435,15,3,19,10,38.6,37.8
387,85.3588,81.4664809437523,54.80109,15,3,19,10,38.7,37.7
388,85.3588,81.5425753218661,54.86766,15,3,19,10,38.8,37.6
389,88.52358,81.6355757515392,54.94902,15,3,19,10,38.9,37.5
390,91.0554,80.9321926201914,54.33511,15,3,19,10,39,37.4
391,93.49681,81.7285761812124,55.03038,15,3,19,10,39.1,37.3
392,95.39569,81.3650217729338,54.71233,15,3,19,10,39.2,37.2
393,96.02864,81.5510226322801,54.87505,15,3,19,10,39.3,37.1
394,99.19344,81.2720213432607,54.63097,15,3,19,10,39.4,37
395,99.19344,81.6440344926845,54.95642,15,3,19,10,39.5,36.9
396,101.0923,81.7201288707983,55.02299,15,3,19,10,39.6,36.8
397,102.3582,81.7962118181809,55.08955,15,3,19,10,39.7,36.7
398,102.3582,81.9314945228492,55.2079,15,3,19,10,39.8,36.6
399,100.6402,81.026749156553,54.41647,15,3,19,10,39.9,36.5
400,100.7306,81.3650217729338,54.71233,15,3,19,10,40,36.4
401,101.0019,81.3734805140791,54.71973,15,3,19,10,40.1,36.3
402,100.4593,81.6863053369484,54.9934,15,3,19,10,40.2,36.2
403,97.56583,80.9493815480772,54.3499,15,3,19,10,40.3,36.1
404,97.56583,81.5256578395755,54.85286,15,3,19,10,40.4,36
405,97.92751,81.026749156553,54.41647,15,3,19,10,40.5,35.9
406,97.92751,81.4411161510477,54.7789,15,3,19,10,40.6,35.8
407,99.19344,81.1367386385924,54.51262,15,3,19,10,40.7,35.7
408,99.19344,81.5425753218661,54.86766,15,3,19,10,40.8,35.6
409,102.9912,81.6271170103939,54.94162,15,3,19,10,40.9,35.5
410,105.523,81.3819392552244,54.72713,15,3,19,10,41,35.4
411,105.9751,81.4664809437523,54.80109,15,3,19,10,41.1,35.3
412,108.0548,81.6609405442438,54.97121,15,3,19,10,41.2,35.2
413,109.3207,82.0160362113771,55.28186,15,3,19,10,41.3,35.1
414,109.3207,81.9653066259678,55.23748,15,3,19,10,41.4,35
415,111.2196,81.5087517880162,54.83807,15,3,19,10,41.5,34.9
416,112.3951,81.7116701296531,55.01559,15,3,19,10,41.6,34.8
417,113.1185,81.6947640780937,55.0008,15,3,19,10,41.7,34.7
418,112.3951,81.4411161510477,54.7789,15,3,19,10,41.8,34.6
419,113.0281,82.3711433092416,55.59252,15,3,19,10,41.9,34.5
420,114.294,80.9149920703125,54.32031,15,3,19,10,42,34.4
421,113.0281,81.3227509286699,54.67535,15,3,19,10,42.1,34.3
422,115.5599,81.9314945228492,55.2079,15,3,19,10,42.2,34.2
423,117.4588,81.2043742755609,54.57179,15,3,19,10,42.3,34.1
424,118.0013,81.1367386385924,54.51262,15,3,19,10,42.4,34
425,118.0917,81.4411161510477,54.7789,15,3,19,10,42.5,33.9
426,118.0013,81.5594813734254,54.88245,15,3,19,10,42.6,33.8
427,119.3576,81.88076493744,55.16352,15,3,19,10,42.7,33.7
428,118.2726,81.8384940931761,55.12654,15,3,19,10,42.8,33.6
429,117.8205,82.2696841384231,55.50376,15,3,19,10,42.9,33.5
430,117.4588,81.3396569802292,54.69014,15,3,19,10,43,33.4
431,117.4588,81.6017522176893,54.91943,15,3,19,10,43.1,33.3
432,117.4588,81.5341165807208,54.86026,15,3,19,10,43.2,33.2
433,115.5599,82.2781314488372,55.51115,15,3,19,10,43.3,33.1
434,118.0917,81.6102109588346,54.92683,15,3,19,10,43.4,33
435,120.6236,81.28892739482,54.64576,15,3,19,10,43.5,32.9
436,121.2565,81.3311982390839,54.68274,15,3,19,10,43.6,32.8
437,123.065,81.4918457364569,54.82328,15,3,19,10,43.7,32.7
438,125.5968,81.5256578395755,54.85286,15,3,19,10,43.8,32.6
439,124.3309,81.3650217729338,54.71233,15,3,19,10,43.9,32.5
440,123.065,81.0606556912098,54.44606,15,3,19,10,44,32.4
441,124.3309,81.1367386385924,54.51262,15,3,19,10,44.1,32.3
442,124.3309,81.4326574099023,54.7715,15,3,19,10,44.2,32.2
443,125.5968,81.3481157213745,54.69754,15,3,19,10,44.3,32.1
444,123.065,81.6102109588346,54.92683,15,3,19,10,44.4,32
445,124.3309,81.5087517880162,54.83807,15,3,19,10,44.5,31.9
446,126.2298,81.4242100994883,54.76411,15,3,19,10,44.6,31.8
447,128.1286,81.7285761812124,55.03038,15,3,19,10,44.7,31.7
448,130.6604,81.9822241082584,55.25228,15,3,19,10,44.8,31.6
449,132.2881,81.7877645077669,55.08216,15,3,19,10,44.9,31.5
450,131.9264,81.745493663503,55.04518,15,3,19,10,45,31.4
451,134.3678,80.9321926201914,54.33511,15,3,19,10,45.1,31.3
452,135.6337,81.2973861359653,54.65316,15,3,19,10,45.2,31.2
453,136.1762,81.5341165807208,54.86026,15,3,19,10,45.3,31.1
454,136.8996,81.28892739482,54.64576,15,3,19,10,45.4,31
455,137.5325,81.8300353520308,55.11914,15,3,19,10,45.5,30.9
456,137.5325,81.58484616613,54.90464,15,3,19,10,45.6,30.8
457,137.5325,81.3734805140791,54.71973,15,3,19,10,45.7,30.7
458,138.1655,81.3481157213745,54.69754,15,3,19,10,45.8,30.6
459,139.341,81.7370349223577,55.03778,15,3,19,10,45.9,30.5
460,138.1655,81.5087517880162,54.83807,15,3,19,10,46,30.4
461,137.5325,81.3396569802292,54.69014,15,3,19,10,46.1,30.3
462,136.2666,81.2381978094108,54.60138,15,3,19,10,46.2,30.2
463,133.1019,81.5087517880162,54.83807,15,3,19,10,46.3,30.1
464,133.1923,82.2527666561326,55.48896,15,3,19,10,46.4,30
465,136.2666,81.9737653671131,55.24488,15,3,19,10,46.5,29.9
466,139.4314,81.889212247854,55.17091,15,3,19,10,46.6,29.8
467,141.3303,82.4387789462101,55.65169,15,3,19,10,46.7,29.7
468,143.3196,81.7285761812124,55.03038,15,3,19,10,46.8,29.6
469,146.4844,82.0329536936677,55.29666,15,3,19,10,46.9,29.5
470,147.7503,81.6947640780937,55.0008,15,3,19,10,47,29.4
471,148.3833,81.153656120883,54.52742,15,3,19,10,47.1,29.3
472,151.548,81.7032113885078,55.00819,15,3,19,10,47.2,29.2
473,151.548,81.3311982390839,54.68274,15,3,19,10,47.3,29.1
474,150.3725,81.6609405442438,54.97121,15,3,19,10,47.4,29
475,152.8139,81.7793057666216,55.07476,15,3,19,10,47.5,28.9
476,152.8139,81.9145770405586,55.1931,15,3,19,10,47.6,28.8
477,154.7128,81.0775617427691,54.46085,15,3,19,10,47.7,28.7
478,154.7128,81.5341165807208,54.86026,15,3,19,10,47.8,28.6
479,154.9841,81.1959269651469,54.5644,15,3,19,10,47.9,28.5
480,155.4362,80.906391795373,54.31291,15,3,19,10,48,28.4
481,156.5213,81.6271170103939,54.94162,15,3,19,10,48.1,28.3
482,156.5213,81.9399418332632,55.21529,15,3,19,10,48.2,28.2
483,157.7872,81.9484005744085,55.22269,15,3,19,10,48.3,28.1
484,157.7872,81.8300353520308,55.11914,15,3,19,10,48.4,28
485,157.7872,82.0160362113771,55.28186,15,3,19,10,48.5,27.9
486,157.7872,81.5256578395755,54.85286,15,3,19,10,48.6,27.8
487,159.8669,80.923592345252,54.32771,15,3,19,10,48.7,27.7
488,159.5956,81.5679286838394,54.88984,15,3,19,10,48.8,27.6
489,160.319,81.593293476544,54.91203,15,3,19,10,48.9,27.5
490,161.5849,81.8300353520308,55.11914,15,3,19,10,49,27.4
491,162.8508,81.8976709889993,55.17831,15,3,19,10,49.1,27.3
492,162.8508,81.8215766108855,55.11174,15,3,19,10,49.2,27.2
493,161.5849,82.1259541233408,55.37802,15,3,19,10,49.3,27.1
494,163.4838,81.6186696999799,54.93423,15,3,19,10,49.4,27
495,165.3827,81.4242100994883,54.76411,15,3,19,10,49.5,26.9
496,168.457,81.88076493744,55.16352,15,3,19,10,49.6,26.8
497,169.2708,81.5172105291615,54.84547,15,3,19,10,49.7,26.7
498,170.0846,81.9737653671131,55.24488,15,3,19,10,49.8,26.6
499,172.8877,81.4833869953116,54.81588,15,3,19,10,49.9,26.5
500,175.4196,81.6524818030985,54.96381,15,3,19,10,50,26.4
501,174.2441,80.7946463311256,54.21676,15,3,19,10,50.1,26.3
502,173.8824,80.9751707509025,54.37209,15,3,19,10,50.2,26.2
503,175.3291,81.6609405442438,54.97121,15,3,19,10,50.3,26.1
504,176.6855,81.7370349223577,55.03778,15,3,19,10,50.4,26
505,179.7598,81.4411161510477,54.7789,15,3,19,10,50.5,25.9
506,179.7598,81.4749396848976,54.80849,15,3,19,10,50.6,25.8
507,181.6587,80.7688571283004,54.19457,15,3,19,10,50.7,25.7
508,181.6587,81.026749156553,54.41647,15,3,19,10,50.8,25.6
509,182.9246,81.7201288707983,55.02299,15,3,19,10,50.9,25.5
510,182.9246,81.5763874249847,54.89724,15,3,19,10,51,25.4
511,182.9246,81.6863053369484,54.9934,15,3,19,10,51.1,25.3
512,181.6587,81.889212247854,55.17091,15,3,19,10,51.2,25.2
513,181.6587,81.1451973797377,54.52002,15,3,19,10,51.3,25.1
514,180.3928,81.5087517880162,54.83807,15,3,19,10,51.4,25
515,170.3559,81.3058334463793,54.66055,15,3,19,10,51.5,24.9
516,170.3559,81.458022202607,54.79369,15,3,19,10,51.6,24.8
517,171.6218,82.1174953821955,55.37062,15,3,19,10,51.7,24.7
518,180.4832,81.6524818030985,54.96381,15,3,19,10,51.8,24.6
519,185.5469,81.0606556912098,54.44606,15,3,19,10,51.9,24.5
520,185.4564,81.5594813734254,54.88245,15,3,19,10,52,24.4
521,190.2488,81.4749396848976,54.80849,15,3,19,10,52.1,24.3
522,191.1531,81.5510226322801,54.87505,15,3,19,10,52.2,24.2
523,196.8497,81.7201288707983,55.02299,15,3,19,10,52.3,24.1
524,202.4559,81.4326574099023,54.7715,15,3,19,10,52.4,24
525,208.4238,81.9991301598177,55.26707,15,3,19,10,52.5,23.9
526,211.4981,81.5087517880162,54.83807,15,3,19,10,52.6,23.8
527,214.2108,81.7962118181809,55.08955,15,3,19,10,52.7,23.7
528,216.833,81.9906714186724,55.25967,15,3,19,10,52.8,23.6
529,218.7319,81.8469414035901,55.13393,15,3,19,10,52.9,23.5
530,223.7052,81.7962118181809,55.08955,15,3,19,10,53,23.4
531,225.2423,81.8554001447354,55.14133,15,3,19,10,53.1,23.3
532,226.8699,81.2466565505561,54.60878,15,3,19,10,53.2,23.2
533,226.8699,81.6693992853891,54.97861,15,3,19,10,53.3,23.1
534,225.604,81.026749156553,54.41647,15,3,19,10,53.4,23
535,228.7688,81.5002930468709,54.83067,15,3,19,10,53.5,22.9
536,227.5029,81.5087517880162,54.83807,15,3,19,10,53.6,22.8
537,231.9336,81.9230357817039,55.2005,15,3,19,10,53.7,22.7
538,230.5773,81.0181488816135,54.40907,15,3,19,10,53.8,22.6
539,232.5666,80.9149920703125,54.32031,15,3,19,10,53.9,22.5
540,234.4654,80.7602684753541,54.18718,15,3,19,10,54,22.4
541,236.9973,81.0521969500645,54.43866,15,3,19,10,54.1,22.3
542,234.4654,80.6141219113489,54.06143,15,3,19,10,54.2,22.2
543,232.5666,80.7602684753541,54.18718,15,3,19,10,54.3,22.1
544,235.6409,81.3481157213745,54.69754,15,3,19,10,54.4,22
545,238.8057,81.3058334463793,54.66055,15,3,19,10,54.5,21.9
546,238.8057,80.7688571283004,54.19457,15,3,19,10,54.6,21.8
547,239.5291,81.3396569802292,54.69014,15,3,19,10,54.7,21.7
548,240.7046,81.3903865656385,54.73452,15,3,19,10,54.8,21.6
549,243.8694,81.1367386385924,54.51262,15,3,19,10,54.9,21.5
550,243.8694,81.2804686536747,54.63836,15,3,19,10,55,21.4
551,244.864,80.7946463311256,54.21676,15,3,19,10,55.1,21.3
552,245.497,81.4411161510477,54.7789,15,3,19,10,55.2,21.2
553,244.4119,81.4242100994883,54.76411,15,3,19,10,55.3,21.1
554,245.5874,80.9493815480772,54.3499,15,3,19,10,55.4,21
555,248.0288,81.0860204839144,54.46825,15,3,19,10,55.5,20.9
556,248.8426,80.5625435056983,54.01705,15,3,19,10,55.6,20.8
557,248.8426,80.8806025925477,54.29072,15,3,19,10,55.7,20.7
558,248.8426,81.3734805140791,54.71973,15,3,19,10,55.8,20.6
559,248.8426,81.3481157213745,54.69754,15,3,19,10,55.9,20.5
560,248.8426,81.28892739482,54.64576,15,3,19,10,56,20.4
561,248.8426,81.7708584562075,55.06737,15,3,19,10,56.1,20.3
562,244.5023,81.4411161510477,54.7789,15,3,19,10,56.2,20.2
563,245.6778,81.5341165807208,54.86026,15,3,19,10,56.3,20.1
564,247.5767,80.8720139396015,54.28333,15,3,19,10,56.4,20
565,246.8533,81.3650217729338,54.71233,15,3,19,10,56.5,19.9
566,247.6671,80.9579818230167,54.3573,15,3,19,10,56.6,19.8
567,252.0074,81.3903865656385,54.73452,15,3,19,10,56.7,19.7
568,253.8158,81.4411161510477,54.7789,15,3,19,10,56.8,19.6
569,254.4488,80.966570475963,54.36469,15,3,19,10,56.9,19.5
570,252.5499,81.5510226322801,54.87505,15,3,19,10,57,19.4
571,255.8051,81.4833869953116,54.81588,15,3,19,10,57.1,19.3
572,257.704,81.2297390682655,54.59398,15,3,19,10,57.2,19.2
573,260.7784,80.6227221862883,54.06883,15,3,19,10,57.3,19.1
574,264.4857,80.7258789975894,54.15759,15,3,19,10,57.4,19
575,267.0175,80.7430679254751,54.17238,15,3,19,10,57.5,18.9
576,268.193,81.3227509286699,54.67535,15,3,19,10,57.6,18.8
577,269.2781,80.8376244618367,54.25374,15,3,19,10,57.7,18.7
578,270.8152,80.9923596787883,54.38688,15,3,19,10,57.8,18.6
579,272.7141,81.0352908985052,54.42387,15,3,19,10,57.9,18.5
580,273.8896,80.4765872442762,53.94309,15,3,19,10,58,18.4
581,274.613,81.2635626021154,54.62357,15,3,19,10,58.1,18.3
582,274.613,81.4411161510477,54.7789,15,3,19,10,58.2,18.2
583,277.1448,81.7793057666216,55.07476,15,3,19,10,58.3,18.1
584,274.613,81.5002930468709,54.83067,15,3,19,10,58.4,18
585,267.0175,81.0944677943284,54.47564,15,3,19,10,58.5,17.9
586,269.0972,80.7946463311256,54.21676,15,3,19,10,58.6,17.8
587,272.1716,81.2128330167062,54.57919,15,3,19,10,58.7,17.7
588,272.1716,81.6524818030985,54.96381,15,3,19,10,58.8,17.6
589,274.7034,81.3396569802292,54.69014,15,3,19,10,58.9,17.5
590,272.8045,81.2973861359653,54.65316,15,3,19,10,59,17.4
591,277.1448,80.9837710258419,54.37949,15,3,19,10,59.1,17.3
592,280.9426,81.4326574099023,54.7715,15,3,19,10,59.2,17.2
593,284.6499,81.4749396848976,54.80849,15,3,19,10,59.3,17.1
594,279.1341,81.0944677943284,54.47564,15,3,19,10,59.4,17
595,284.1074,81.4749396848976,54.80849,15,3,19,10,59.5,16.9
596,286.0062,81.1874682240016,54.557,15,3,19,10,59.6,16.8
597,289.7135,81.0352908985052,54.42387,15,3,19,10,59.7,16.7
598,289.2614,81.0944677943284,54.47564,15,3,19,10,59.8,16.6
599,289.2614,81.2973861359653,54.65316,15,3,19,10,59.9,16.5
600,289.6231,81.0606556912098,54.44606,15,3,19,10,60,16.4
601,279.6767,81.0691030016238,54.45345,15,3,19,10,60.1,16.3
602,284.6499,81.119832587033,54.49783,15,3,19,10,60.2,16.2
603,289.804,81.6186696999799,54.93423,15,3,19,10,60.3,16.1
604,290.9795,80.966570475963,54.36469,15,3,19,10,60.4,16
605,297.8516,81.7370349223577,55.03778,15,3,19,10,60.5,15.9
606,294.6868,80.923592345252,54.32771,15,3,19,10,60.6,15.8
607,300.9259,80.657111664053,54.09842,15,3,19,10,60.7,15.7
608,302.8248,81.9061297301446,55.18571,15,3,19,10,60.8,15.6
609,308.6118,81.4495748921929,54.7863,15,3,19,10,60.9,15.5
610,310.5107,81.119832587033,54.49783,15,3,19,10,61,15.4
611,314.3084,81.458022202607,54.79369,15,3,19,10,61.1,15.3
612,312.4096,81.5763874249847,54.89724,15,3,19,10,61.2,15.2
613,319.2817,81.3142921875246,54.66795,15,3,19,10,61.3,15.1
614,323.7124,81.1113738458878,54.49043,15,3,19,10,61.4,15
615,327.4197,81.3650217729338,54.71233,15,3,19,10,61.5,14.9
616,330.5845,81.5256578395755,54.85286,15,3,19,10,61.6,14.8
617,334.3822,81.2551038609701,54.61617,15,3,19,10,61.7,14.7
618,332.5738,80.6399111141741,54.08362,15,3,19,10,61.8,14.6
619,334.3822,80.966570475963,54.36469,15,3,19,10,61.9,14.5
620,340.7118,80.9923596787883,54.38688,15,3,19,10,62,14.4
621,342.5203,81.5002930468709,54.83067,15,3,19,10,62.1,14.3
622,342.5203,81.3227509286699,54.67535,15,3,19,10,62.2,14.2
623,343.967,81.0606556912098,54.44606,15,3,19,10,62.3,14.1
624,343.967,81.2381978094108,54.60138,15,3,19,10,62.4,14
625,343.2436,81.162103431297,54.53481,15,3,19,10,62.5,13.9
626,344.5096,81.5002930468709,54.83067,15,3,19,10,62.6,13.8
627,342.9724,81.7370349223577,55.03778,15,3,19,10,62.7,13.7
628,343.2436,81.458022202607,54.79369,15,3,19,10,62.8,13.6
629,344.4192,81.2212917578515,54.58659,15,3,19,10,62.9,13.5
630,347.5839,80.8806025925477,54.29072,15,3,19,10,63,13.4
631,333.1163,80.7086900697036,54.1428,15,3,19,10,63.1,13.3
632,340.7118,81.0606556912098,54.44606,15,3,19,10,63.2,13.2
633,346.4084,81.3565630317885,54.70493,15,3,19,10,63.3,13.1
634,356.4453,81.1705621724423,54.54221,15,3,19,10,63.4,13
635,361.4185,80.8892028674872,54.29812,15,3,19,10,63.5,12.9
636,366.3918,81.2466565505561,54.60878,15,3,19,10,63.6,12.8
637,370.1895,81.0095602286672,54.40168,15,3,19,10,63.7,12.7
638,374.6202,80.2272954909631,53.72859,15,3,19,10,63.8,12.6
639,376.5191,81.1959269651469,54.5644,15,3,19,10,63.9,12.5
640,377.785,81.0606556912098,54.44606,15,3,19,10,64,12.4
641,379.6839,81.4242100994883,54.76411,15,3,19,10,64.1,12.3
642,379.503,80.9751707509025,54.37209,15,3,19,10,64.2,12.2
643,377.6946,81.2212917578515,54.58659,15,3,19,10,64.3,12.1
644,382.7582,80.9923596787883,54.38688,15,3,19,10,64.4,12
645,386.4656,80.6227221862883,54.06883,15,3,19,10,64.5,11.9
646,389.6303,80.4851875192157,53.95049,15,3,19,10,64.6,11.8
647,386.556,80.9751707509025,54.37209,15,3,19,10,64.7,11.7
648,388.9974,81.1959269651469,54.5644,15,3,19,10,64.8,11.6
649,390.8963,80.7946463311256,54.21676,15,3,19,10,64.9,11.5
650,394.6036,81.4918457364569,54.82328,15,3,19,10,65,11.4
651,395.2365,81.1790209135876,54.54961,15,3,19,10,65.1,11.3
652,397.6779,80.6657003169994,54.10581,15,3,19,10,65.2,11.2
653,398.9439,80.9751707509025,54.37209,15,3,19,10,65.3,11.1
654,399.7577,81.3988453067837,54.74192,15,3,19,10,65.4,11
655,398.4918,81.0860204839144,54.46825,15,3,19,10,65.5,10.9
656,398.4918,80.5195653749873,53.98007,15,3,19,10,65.6,10.8
657,391.6197,80.5367543028731,53.99486,15,3,19,10,65.7,10.7
658,374.5298,81.3142921875246,54.66795,15,3,19,10,65.8,10.6
659,376.5191,81.28892739482,54.64576,15,3,19,10,65.9,10.5
660,386.4656,81.5679286838394,54.88984,15,3,19,10,66,10.4
661,399.7577,81.1029265354737,54.48304,15,3,19,10,66.1,10.3
662,393.4281,81.1959269651469,54.5644,15,3,19,10,66.2,10.2
663,405.3639,81.2212917578515,54.58659,15,3,19,10,66.3,10.1
664,412.9594,80.9493815480772,54.3499,15,3,19,10,66.4,10
665,420.4644,81.28892739482,54.64576,15,3,19,10,66.5,9.90000000000001
666,427.3365,81.5594813734254,54.88245,15,3,19,10,66.6,9.80000000000001
667,434.932,81.1451973797377,54.52002,15,3,19,10,66.7,9.7
668,437.4638,81.0944677943284,54.47564,15,3,19,10,66.8,9.60000000000001
669,442.5275,81.153656120883,54.52742,15,3,19,10,66.9,9.5
670,438.7297,80.8118352590114,54.23155,15,3,19,10,67,9.40000000000001
671,443.703,81.6693992853891,54.97861,15,3,19,10,67.1,9.30000000000001
672,432.4906,81.28892739482,54.64576,15,3,19,10,67.2,9.2
673,428.6024,80.9579818230167,54.3573,15,3,19,10,67.3,9.10000000000001
674,429.8684,81.3142921875246,54.66795,15,3,19,10,67.4,9
675,440.5382,80.6141219113489,54.06143,15,3,19,10,67.5,8.90000000000001
676,448.7667,80.5109651000478,53.97267,15,3,19,10,67.6,8.80000000000001
677,453.6495,80.7258789975894,54.15759,15,3,19,10,67.7,8.7
678,456.0004,81.0775617427691,54.46085,15,3,19,10,67.8,8.60000000000001
679,457.5376,81.3311982390839,54.68274,15,3,19,10,67.9,8.5
680,462.6013,81.7032113885078,55.00819,15,3,19,10,68,8.40000000000001
681,466.6703,80.8892028674872,54.29812,15,3,19,10,68.1,8.30000000000001
682,466.9416,80.7602684753541,54.18718,15,3,19,10,68.2,8.2
683,471.6435,80.8720139396015,54.28333,15,3,19,10,68.3,8.10000000000001
684,473.5424,80.8462247367762,54.26114,15,3,19,10,68.4,8
685,478.606,81.5172105291615,54.84547,15,3,19,10,68.5,7.90000000000001
686,479.239,81.3565630317885,54.70493,15,3,19,10,68.6,7.80000000000001
687,483.8505,81.2804686536747,54.63836,15,3,19,10,68.7,7.7
688,483.5793,81.4411161510477,54.7789,15,3,19,10,68.8,7.60000000000001
689,483.5793,81.0352908985052,54.42387,15,3,19,10,68.9,7.5
690,485.3878,80.3132633743784,53.80256,15,3,19,10,69,7.40000000000001
691,485.4781,80.6657003169994,54.10581,15,3,19,10,69.1,7.30000000000001
692,485.4781,81.1367386385924,54.51262,15,3,19,10,69.2,7.2
693,485.4781,80.493776172162,53.95788,15,3,19,10,69.3,7.10000000000001
694,487.377,80.5625435056983,54.01705,15,3,19,10,69.4,7
695,486.8345,81.0944677943284,54.47564,15,3,19,10,69.5,6.90000000000001
696,487.0153,81.0944677943284,54.47564,15,3,19,10,69.6,6.80000000000001
697,487.4675,81.0860204839144,54.46825,15,3,19,10,69.7,6.7
698,488.5525,80.923592345252,54.32771,15,3,19,10,69.8,6.60000000000001
699,478.0635,80.5797440555773,54.03185,15,3,19,10,69.9,6.5
700,477.6114,80.3820190859215,53.86172,15,3,19,10,70,6.40000000000001
701,478.606,80.6742889699457,54.1132,15,3,19,10,70.1,6.30000000000001
702,479.239,81.0860204839144,54.46825,15,3,19,10,70.2,6.2
703,480.5049,81.0691030016238,54.45345,15,3,19,10,70.3,6.10000000000001
704,485.4781,80.3906309828541,53.86913,15,3,19,10,70.4,6
705,488.6429,81.162103431297,54.53481,15,3,19,10,70.5,5.90000000000001
706,491.7173,80.4078082887468,53.88391,15,3,19,10,70.6,5.80000000000001
707,491.7173,80.8462247367762,54.26114,15,3,19,10,70.7,5.7
708,490.5418,80.8290358088904,54.24635,15,3,19,10,70.8,5.60000000000001
709,491.8077,81.1113738458878,54.49043,15,3,19,10,70.9,5.5
710,479.239,80.8376244618367,54.25374,15,3,19,10,71,5.40000000000001
711,482.4038,80.7430679254751,54.17238,15,3,19,10,71.1,5.30000000000001
712,483.5793,81.2551038609701,54.61617,15,3,19,10,71.2,5.2
713,487.377,81.28892739482,54.64576,15,3,19,10,71.3,5.10000000000001
714,492.3503,81.2804686536747,54.63836,15,3,19,10,71.4,5
715,492.3503,81.0944677943284,54.47564,15,3,19,10,71.5,4.90000000000001
716,495.515,81.0521969500645,54.43866,15,3,19,10,71.6,4.80000000000001
717,501.8446,80.8892028674872,54.29812,15,3,19,10,71.7,4.7
718,476.7072,81.0691030016238,54.45345,15,3,19,10,71.8,4.60000000000001
719,483.4889,81.1451973797377,54.52002,15,3,19,10,71.9,4.5
720,493.0736,80.9149920703125,54.32031,15,3,19,10,72,4.40000000000001
721,498.2278,81.0944677943284,54.47564,15,3,19,10,72.1,4.30000000000001
722,511.339,80.9751707509025,54.37209,15,3,19,10,72.2,4.2
723,518.8441,80.9493815480772,54.3499,15,3,19,10,72.3,4.10000000000001
724,525.5353,81.026749156553,54.41647,15,3,19,10,72.4,4
725,527.8863,80.2444844188489,53.74338,15,3,19,10,72.5,3.90000000000001
726,529.6948,80.8720139396015,54.28333,15,3,19,10,72.6,3.80000000000001
727,531.4128,80.6313224612278,54.07623,15,3,19,10,72.7,3.7
728,531.4128,80.2358841439094,53.73598,15,3,19,10,72.8,3.60000000000001
729,533.8542,80.5453545778125,54.00226,15,3,19,10,72.9,3.5
730,534.035,81.026749156553,54.41647,15,3,19,10,73,3.40000000000001
731,535.7531,81.3650217729338,54.71233,15,3,19,10,73.1,3.30000000000001
732,532.5883,81.4411161510477,54.7789,15,3,19,10,73.2,3.2
733,532.6786,81.162103431297,54.53481,15,3,19,10,73.3,3.10000000000001
734,525.7161,81.2043742755609,54.57179,15,3,19,10,73.4,3
735,529.5139,81.4833869953116,54.81588,15,3,19,10,73.5,2.90000000000001
736,529.5139,81.0437382089192,54.43126,15,3,19,10,73.6,2.80000000000001
737,534.4871,80.7860576781794,54.20937,15,3,19,10,73.7,2.7
738,539.5508,81.2804686536747,54.63836,15,3,19,10,73.8,2.60000000000001
739,543.8911,81.8384940931761,55.12654,15,3,19,10,73.9,2.5
740,549.5877,81.2551038609701,54.61617,15,3,19,10,74,2.40000000000001
741,558.3586,80.9149920703125,54.32031,15,3,19,10,74.1,2.30000000000001
742,564.5978,80.9407812731378,54.3425,15,3,19,10,74.2,2.2
743,573.3688,80.9923596787883,54.38688,15,3,19,10,74.3,2.10000000000001
744,568.938,81.3396569802292,54.69014,15,3,19,10,74.4,2
745,566.4966,80.7000897947641,54.1354,15,3,19,10,74.5,1.90000000000001
746,568.3956,81.3396569802292,54.69014,15,3,19,10,74.6,1.80000000000001
747,577.7995,81.0437382089192,54.43126,15,3,19,10,74.7,1.7
748,582.2302,80.8462247367762,54.26114,15,3,19,10,74.8,1.60000000000001
749,584.6716,81.3481157213745,54.69754,15,3,19,10,74.9,1.5
750,587.0226,81.1705621724423,54.54221,15,3,19,10,75,1.40000000000001
751,591.0012,81.1451973797377,54.52002,15,3,19,10,75.1,1.30000000000001
752,592.9,81.1451973797377,54.52002,15,3,19,10,75.2,1.2
753,591.3629,80.8204355339509,54.23895,15,3,19,10,75.3,1.10000000000001
754,591.7245,80.6657003169994,54.10581,15,3,19,10,75.4,1
755,592.9,80.3992196358005,53.87652,15,3,19,10,75.5,0.900000000000006
756,584.762,80.7430679254751,54.17238,15,3,19,10,75.6,0.800000000000011
757,584.762,81.6271170103939,54.94162,15,3,19,10,75.7,0.700000000000003
758,589.8257,81.5763874249847,54.89724,15,3,19,10,75.8,0.600000000000009
759,594.7989,81.2551038609701,54.61617,15,3,19,10,75.9,0.5
760,574.6347,80.6829008668783,54.12061,15,3,19,10,76,0.400000000000006
761,581.5972,81.407304047929,54.74932,15,3,19,10,76.1,0.300000000000011
762,591.0012,80.8290358088904,54.24635,15,3,19,10,76.2,0.200000000000003
763,596.0648,80.493776172162,53.95788,15,3,19,10,76.3,0.100000000000009
764,603.5699,81.0009599537277,54.39428,15,3,19,10,76.4,0
